,ticker,date,trade
0,A,2023-04-04,
1,AA,2023-04-04,
2,AADI,2023-04-04,
3,AAN,2023-04-04,
4,AAON,2023-04-04,
5,AAP,2023-04-04,
6,AAPL,2023-04-04,
7,AAT,2023-04-04,
8,AB,2023-04-04,
9,ABBV,2023-04-04,
10,ABC,2023-04-04,
11,ABCB,2023-04-04,
12,ABCL,2023-04-04,
13,ABG,2023-04-04,
14,ABM,2023-04-04,
15,ABNB,2023-04-04,
16,ABR,2023-04-04,
17,ABT,2023-04-04,
18,AC,2023-04-04,
19,ACA,2023-04-04,0.0
20,ACAD,2023-04-04,
21,ACCD,2023-04-04,
22,ACCO,2023-04-04,
23,ACEL,2023-04-04,
24,ACET,2023-04-04,0.0
25,ACGL,2023-04-04,
26,ACHC,2023-04-04,
27,ACHV,2023-04-04,0.0
28,ACI,2023-04-04,
29,ACIW,2023-04-04,
30,ACLS,2023-04-04,
31,ACLX,2023-04-04,
32,ACM,2023-04-04,
33,ACMR,2023-04-04,
34,ACN,2023-04-04,
35,ACNB,2023-04-04,
36,ACNT,2023-04-04,
37,ACR,2023-04-04,
38,ACRE,2023-04-04,
39,ACRS,2023-04-04,
40,ACT,2023-04-04,
41,ACU,2023-04-04,
42,ACVA,2023-04-04,
43,ADBE,2023-04-04,
44,ADC,2023-04-04,
45,ADEA,2023-04-04,
46,ADI,2023-04-04,
47,ADM,2023-04-04,
48,ADNT,2023-04-04,
49,ADP,2023-04-04,
50,ADPT,2023-04-04,
51,ADSK,2023-04-04,
52,ADT,2023-04-04,
53,ADTN,2023-04-04,
54,ADUS,2023-04-04,
55,AE,2023-04-04,
56,AEE,2023-04-04,
57,AEHR,2023-04-04,
58,AEIS,2023-04-04,
59,AEL,2023-04-04,
60,AEO,2023-04-04,
61,AEP,2023-04-04,
62,AES,2023-04-04,
63,AEYE,2023-04-04,
64,AFBI,2023-04-04,
65,AFCG,2023-04-04,
66,AFG,2023-04-04,
67,AFL,2023-04-04,
68,AFRM,2023-04-04,0.0
69,AGCO,2023-04-04,
70,AGIO,2023-04-04,
71,AGL,2023-04-04,
72,AGM,2023-04-04,
73,AGNC,2023-04-04,-1.0
74,AGO,2023-04-04,
75,AGR,2023-04-04,
76,AGS,2023-04-04,
77,AGTI,2023-04-04,
78,AGX,2023-04-04,
79,AGYS,2023-04-04,
80,AHCO,2023-04-04,
81,AHH,2023-04-04,
82,AI,2023-04-04,
83,AIG,2023-04-04,
84,AIN,2023-04-04,
85,AIR,2023-04-04,
86,AIRC,2023-04-04,
87,AIRG,2023-04-04,
88,AIRS,2023-04-04,
89,AIRT,2023-04-04,
90,AIT,2023-04-04,
91,AIV,2023-04-04,
92,AIZ,2023-04-04,
93,AJG,2023-04-04,
94,AJRD,2023-04-04,
95,AJX,2023-04-04,
96,AKAM,2023-04-04,
97,AKR,2023-04-04,
98,AKRO,2023-04-04,
99,AKYA,2023-04-04,
100,AL,2023-04-04,
101,ALB,2023-04-04,
102,ALCO,2023-04-04,
103,ALDX,2023-04-04,
104,ALE,2023-04-04,
105,ALEC,2023-04-04,
106,ALEX,2023-04-04,
107,ALG,2023-04-04,
108,ALGM,2023-04-04,
109,ALGN,2023-04-04,
110,ALGT,2023-04-04,
111,ALHC,2023-04-04,0.0
112,ALIT,2023-04-04,
113,ALK,2023-04-04,
114,ALKS,2023-04-04,
115,ALKT,2023-04-04,
116,ALL,2023-04-04,
117,ALLE,2023-04-04,
118,ALLO,2023-04-04,
119,ALLY,2023-04-04,
120,ALNY,2023-04-04,
121,ALOT,2023-04-04,
122,ALPN,2023-04-04,
123,ALRM,2023-04-04,
124,ALRS,2023-04-04,
125,ALSN,2023-04-04,
126,ALTG,2023-04-04,
127,ALTR,2023-04-04,
128,ALV,2023-04-04,
129,ALX,2023-04-04,
130,AM,2023-04-04,
131,AMAL,2023-04-04,
132,AMAT,2023-04-04,
133,AMBA,2023-04-04,
134,AMBC,2023-04-04,0.0
135,AMCR,2023-04-04,
136,AMCX,2023-04-04,0.0
137,AMD,2023-04-04,
138,AME,2023-04-04,
139,AMED,2023-04-04,
140,AMEH,2023-04-04,
141,AMG,2023-04-04,0.0
142,AMGN,2023-04-04,
143,AMH,2023-04-04,
144,AMK,2023-04-04,
145,AMKR,2023-04-04,
146,AMLX,2023-04-04,
147,AMN,2023-04-04,
148,AMNB,2023-04-04,
149,AMOT,2023-04-04,
150,AMP,2023-04-04,
151,AMPH,2023-04-04,
152,AMPL,2023-04-04,
153,AMPS,2023-04-04,
154,AMPX,2023-04-04,
155,AMR,2023-04-04,0.0
156,AMRC,2023-04-04,
157,AMRK,2023-04-04,
158,AMSF,2023-04-04,
159,AMSWA,2023-04-04,
160,AMT,2023-04-04,
161,AMTB,2023-04-04,
162,AMWD,2023-04-04,
163,AMZN,2023-04-04,
164,AN,2023-04-04,
165,ANAB,2023-04-04,
166,ANDE,2023-04-04,
167,ANET,2023-04-04,
168,ANF,2023-04-04,
169,ANGO,2023-04-04,
170,ANIK,2023-04-04,
171,ANIP,2023-04-04,
172,ANSS,2023-04-04,
173,ANTX,2023-04-04,
174,ANVS,2023-04-04,
175,AOMR,2023-04-04,
176,AON,2023-04-04,
177,AORT,2023-04-04,
178,AOS,2023-04-04,
179,AOSL,2023-04-04,
180,AOUT,2023-04-04,
181,APA,2023-04-04,
182,APAM,2023-04-04,
183,APD,2023-04-04,
184,APEI,2023-04-04,
185,APEN,2023-04-04,
186,APG,2023-04-04,
187,APH,2023-04-04,
188,APLE,2023-04-04,
189,APLS,2023-04-04,
190,APO,2023-04-04,
191,APOG,2023-04-04,
192,APP,2023-04-04,0.0
193,APPF,2023-04-04,
194,APPN,2023-04-04,0.0
195,APPS,2023-04-04,0.0
196,APTV,2023-04-04,
197,AQUA,2023-04-04,
198,AR,2023-04-04,
199,ARCB,2023-04-04,
200,ARCC,2023-04-04,
201,ARCH,2023-04-04,
202,ARCT,2023-04-04,
203,ARE,2023-04-04,
204,ARES,2023-04-04,
205,ARGO,2023-04-04,
206,ARHS,2023-04-04,
207,ARI,2023-04-04,
208,ARIS,2023-04-04,
209,ARKO,2023-04-04,
210,ARKR,2023-04-04,
211,ARL,2023-04-04,
212,ARLO,2023-04-04,0.0
213,ARLP,2023-04-04,0.0
214,ARMK,2023-04-04,
215,ARNC,2023-04-04,
216,AROC,2023-04-04,
217,AROW,2023-04-04,
218,ARQT,2023-04-04,
219,ARR,2023-04-04,
220,ARRY,2023-04-04,
221,ARTNA,2023-04-04,
222,ARVN,2023-04-04,
223,ARW,2023-04-04,
224,ARWR,2023-04-04,
225,ASAN,2023-04-04,0.0
226,ASB,2023-04-04,
227,ASCA,2023-04-04,
228,ASGN,2023-04-04,
229,ASH,2023-04-04,
230,ASIX,2023-04-04,
231,ASLE,2023-04-04,
232,ASO,2023-04-04,
233,ASPN,2023-04-04,0.0
234,ASRT,2023-04-04,
235,ASTC,2023-04-04,
236,ASTE,2023-04-04,
237,ASUR,2023-04-04,
238,ASYS,2023-04-04,
239,ATEC,2023-04-04,
240,ATEN,2023-04-04,
241,ATEX,2023-04-04,0.0
242,ATGE,2023-04-04,
243,ATI,2023-04-04,
244,ATKR,2023-04-04,
245,ATLC,2023-04-04,
246,ATLO,2023-04-04,
247,ATNI,2023-04-04,
248,ATNM,2023-04-04,
249,ATO,2023-04-04,
250,ATOM,2023-04-04,0.0
251,ATR,2023-04-04,
252,ATRC,2023-04-04,
253,ATRI,2023-04-04,
254,ATRO,2023-04-04,
255,ATSG,2023-04-04,
256,ATVI,2023-04-04,
257,ATXS,2023-04-04,
258,AUB,2023-04-04,
259,AUBN,2023-04-04,
260,AUPH,2023-04-04,
261,AURA,2023-04-04,0.0
262,AURC,2023-04-04,
263,AVA,2023-04-04,0.0
264,AVAV,2023-04-04,
265,AVB,2023-04-04,
266,AVD,2023-04-04,
267,AVDX,2023-04-04,
268,AVGO,2023-04-04,
269,AVNS,2023-04-04,
270,AVNT,2023-04-04,
271,AVNW,2023-04-04,
272,AVO,2023-04-04,
273,AVT,2023-04-04,0.0
274,AVTA,2023-04-04,
275,AVTE,2023-04-04,
276,AVTR,2023-04-04,
277,AVXL,2023-04-04,
278,AVY,2023-04-04,
279,AWI,2023-04-04,
280,AWK,2023-04-04,
281,AWR,2023-04-04,
282,AX,2023-04-04,
283,AXGN,2023-04-04,
284,AXL,2023-04-04,
285,AXNX,2023-04-04,
286,AXON,2023-04-04,
287,AXP,2023-04-04,
288,AXR,2023-04-04,
289,AXS,2023-04-04,
290,AXSM,2023-04-04,
291,AXTA,2023-04-04,
292,AYI,2023-04-04,
293,AYX,2023-04-04,
294,AZEK,2023-04-04,
295,AZTA,2023-04-04,
296,AZZ,2023-04-04,
297,B,2023-04-04,
298,BAC,2023-04-04,
299,BAFN,2023-04-04,
300,BAH,2023-04-04,
301,BALL,2023-04-04,
302,BALY,2023-04-04,0.0
303,BANC,2023-04-04,
304,BAND,2023-04-04,
305,BANF,2023-04-04,
306,BANR,2023-04-04,
307,BASE,2023-04-04,
308,BATL,2023-04-04,0.0
309,BAX,2023-04-04,
310,BBCP,2023-04-04,
311,BBDC,2023-04-04,
312,BBSI,2023-04-04,
313,BBW,2023-04-04,
314,BBY,2023-04-04,
315,BC,2023-04-04,
316,BCBP,2023-04-04,0.0
317,BCC,2023-04-04,
318,BCML,2023-04-04,
319,BCO,2023-04-04,
320,BCOW,2023-04-04,
321,BCPC,2023-04-04,
322,BCSF,2023-04-04,0.0
323,BCTX,2023-04-04,
324,BCYC,2023-04-04,
325,BDC,2023-04-04,
326,BDL,2023-04-04,
327,BDX,2023-04-04,
328,BE,2023-04-04,
329,BEAM,2023-04-04,
330,BECN,2023-04-04,
331,BEEM,2023-04-04,
332,BELFA,2023-04-04,
333,BEN,2023-04-04,
334,BERY,2023-04-04,
335,BF.B,2023-04-04,
336,BFAM,2023-04-04,
337,BFC,2023-04-04,
338,BFH,2023-04-04,
339,BFIN,2023-04-04,
340,BFS,2023-04-04,
341,BFST,2023-04-04,
342,BG,2023-04-04,
343,BGFV,2023-04-04,
344,BGNE,2023-04-04,
345,BGS,2023-04-04,
346,BGSF,2023-04-04,
347,BH,2023-04-04,
348,BHB,2023-04-04,
349,BHE,2023-04-04,
350,BHF,2023-04-04,
351,BHLB,2023-04-04,
352,BIG,2023-04-04,
353,BIGC,2023-04-04,0.0
354,BIIB,2023-04-04,
355,BILL,2023-04-04,
356,BIO,2023-04-04,0.0
357,BIVI,2023-04-04,
358,BJ,2023-04-04,
359,BJRI,2023-04-04,
360,BK,2023-04-04,
361,BKE,2023-04-04,
362,BKH,2023-04-04,
363,BKI,2023-04-04,
364,BKNG,2023-04-04,
365,BKR,2023-04-04,
366,BKSC,2023-04-04,
367,BKU,2023-04-04,
368,BL,2023-04-04,
369,BLBD,2023-04-04,
370,BLD,2023-04-04,
371,BLDR,2023-04-04,
372,BLFS,2023-04-04,
373,BLFY,2023-04-04,
374,BLK,2023-04-04,
375,BLKB,2023-04-04,
376,BLMN,2023-04-04,
377,BLNK,2023-04-04,0.0
378,BLPH,2023-04-04,
379,BMBL,2023-04-04,
380,BMEA,2023-04-04,
381,BMI,2023-04-04,
382,BMRC,2023-04-04,
383,BMRN,2023-04-04,
384,BMY,2023-04-04,
385,BNIX,2023-04-04,
386,BNL,2023-04-04,
387,BOC,2023-04-04,
388,BOH,2023-04-04,
389,BOKF,2023-04-04,
390,BOOM,2023-04-04,
391,BOOT,2023-04-04,
392,BOTJ,2023-04-04,
393,BPMC,2023-04-04,
394,BPOP,2023-04-04,0.0
395,BR,2023-04-04,
396,BRBS,2023-04-04,
397,BRC,2023-04-04,
398,BRCC,2023-04-04,
399,BRDG,2023-04-04,
400,BRID,2023-04-04,
401,BRK.B,2023-04-04,
402,BRKL,2023-04-04,
403,BRKR,2023-04-04,
404,BRO,2023-04-04,
405,BROS,2023-04-04,
406,BRP,2023-04-04,
407,BRSP,2023-04-04,
408,BRT,2023-04-04,
409,BRX,2023-04-04,
410,BRY,2023-04-04,0.0
411,BRZE,2023-04-04,
412,BSBK,2023-04-04,
413,BSET,2023-04-04,
414,BSM,2023-04-04,
415,BSRR,2023-04-04,
416,BSVN,2023-04-04,0.0
417,BSX,2023-04-04,
418,BSY,2023-04-04,
419,BTAI,2023-04-04,
420,BTU,2023-04-04,
421,BURL,2023-04-04,
422,BUSE,2023-04-04,
423,BV,2023-04-04,
424,BVH,2023-04-04,
425,BW,2023-04-04,
426,BWA,2023-04-04,
427,BWB,2023-04-04,
428,BWFG,2023-04-04,
429,BWMN,2023-04-04,
430,BWXT,2023-04-04,
431,BX,2023-04-04,
432,BXC,2023-04-04,
433,BXMT,2023-04-04,
434,BXP,2023-04-04,
435,BXSL,2023-04-04,
436,BY,2023-04-04,
437,BYD,2023-04-04,
438,BYRN,2023-04-04,
439,BZH,2023-04-04,
440,C,2023-04-04,
441,CAAS,2023-04-04,
442,CABA,2023-04-04,
443,CABO,2023-04-04,0.0
444,CAC,2023-04-04,
445,CACC,2023-04-04,
446,CACI,2023-04-04,
447,CAG,2023-04-04,
448,CAKE,2023-04-04,
449,CAL,2023-04-04,
450,CALB,2023-04-04,0.0
451,CALM,2023-04-04,
452,CALX,2023-04-04,
453,CAPL,2023-04-04,
454,CARG,2023-04-04,
455,CARR,2023-04-04,
456,CARS,2023-04-04,
457,CASH,2023-04-04,
458,CASS,2023-04-04,
459,CASY,2023-04-04,
460,CAT,2023-04-04,
461,CATC,2023-04-04,
462,CATO,2023-04-04,
463,CATY,2023-04-04,
464,CB,2023-04-04,
465,CBAN,2023-04-04,
466,CBAY,2023-04-04,0.0
467,CBFV,2023-04-04,
468,CBL,2023-04-04,
469,CBNK,2023-04-04,
470,CBRE,2023-04-04,
471,CBRL,2023-04-04,
472,CBSH,2023-04-04,
473,CBT,2023-04-04,
474,CBU,2023-04-04,
475,CBZ,2023-04-04,
476,CC,2023-04-04,
477,CCAP,2023-04-04,
478,CCB,2023-04-04,
479,CCBG,2023-04-04,
480,CCCS,2023-04-04,
481,CCF,2023-04-04,
482,CCI,2023-04-04,
483,CCK,2023-04-04,
484,CCL,2023-04-04,
485,CCNE,2023-04-04,
486,CCRD,2023-04-04,
487,CCRN,2023-04-04,
488,CCS,2023-04-04,
489,CDAY,2023-04-04,
490,CDMO,2023-04-04,
491,CDNA,2023-04-04,0.0
492,CDNS,2023-04-04,
493,CDRE,2023-04-04,
494,CDW,2023-04-04,
495,CE,2023-04-04,
496,CECO,2023-04-04,
497,CEG,2023-04-04,
498,CEIX,2023-04-04,
499,CELC,2023-04-04,
500,CELH,2023-04-04,
501,CENT,2023-04-04,
502,CENX,2023-04-04,0.0
503,CEQP,2023-04-04,
504,CERE,2023-04-04,
505,CERT,2023-04-04,
506,CETX,2023-04-04,
507,CEVA,2023-04-04,
508,CF,2023-04-04,
509,CFB,2023-04-04,
510,CFBK,2023-04-04,
511,CFFI,2023-04-04,0.0
512,CFFN,2023-04-04,
513,CFG,2023-04-04,
514,CFLT,2023-04-04,
515,CFR,2023-04-04,
516,CFSB,2023-04-04,
517,CG,2023-04-04,
518,CGBD,2023-04-04,
519,CGEM,2023-04-04,
520,CGNX,2023-04-04,
521,CHCO,2023-04-04,
522,CHCT,2023-04-04,
523,CHD,2023-04-04,
524,CHDN,2023-04-04,
525,CHE,2023-04-04,
526,CHEF,2023-04-04,
527,CHGG,2023-04-04,
528,CHH,2023-04-04,
529,CHK,2023-04-04,
530,CHMG,2023-04-04,0.0
531,CHMI,2023-04-04,
532,CHPT,2023-04-04,
533,CHRD,2023-04-04,
534,CHRW,2023-04-04,
535,CHS,2023-04-04,
536,CHTR,2023-04-04,
537,CHUY,2023-04-04,
538,CHWY,2023-04-04,
539,CHX,2023-04-04,
540,CI,2023-04-04,
541,CIEN,2023-04-04,
542,CIM,2023-04-04,
543,CINF,2023-04-04,0.0
544,CIO,2023-04-04,
545,CION,2023-04-04,
546,CIR,2023-04-04,
547,CIVB,2023-04-04,
548,CIVI,2023-04-04,0.0
549,CIX,2023-04-04,
550,CIZN,2023-04-04,
551,CKX,2023-04-04,
552,CL,2023-04-04,
553,CLAR,2023-04-04,0.0
554,CLB,2023-04-04,
555,CLBK,2023-04-04,
556,CLBT,2023-04-04,
557,CLDT,2023-04-04,
558,CLDX,2023-04-04,
559,CLF,2023-04-04,
560,CLFD,2023-04-04,
561,CLH,2023-04-04,
562,CLMB,2023-04-04,
563,CLPR,2023-04-04,
564,CLPT,2023-04-04,
565,CLST,2023-04-04,
566,CLW,2023-04-04,
567,CLX,2023-04-04,
568,CMA,2023-04-04,
569,CMBM,2023-04-04,
570,CMC,2023-04-04,
571,CMCO,2023-04-04,
572,CMCSA,2023-04-04,
573,CME,2023-04-04,
574,CMG,2023-04-04,
575,CMI,2023-04-04,
576,CMP,2023-04-04,
577,CMPS,2023-04-04,
578,CMS,2023-04-04,
579,CMT,2023-04-04,
580,CMTG,2023-04-04,
581,CMTL,2023-04-04,
582,CNA,2023-04-04,
583,CNC,2023-04-04,
584,CNHI,2023-04-04,
585,CNK,2023-04-04,
586,CNM,2023-04-04,
587,CNMD,2023-04-04,
588,CNNE,2023-04-04,
589,CNO,2023-04-04,
590,CNOB,2023-04-04,
591,CNP,2023-04-04,
592,CNS,2023-04-04,
593,CNTY,2023-04-04,
594,CNX,2023-04-04,
595,CNXC,2023-04-04,
596,CNXN,2023-04-04,
597,COCO,2023-04-04,
598,CODA,2023-04-04,
599,CODI,2023-04-04,
600,COF,2023-04-04,
601,COFS,2023-04-04,
602,COGT,2023-04-04,
603,COHN,2023-04-04,
604,COHR,2023-04-04,
605,COHU,2023-04-04,
606,COIN,2023-04-04,0.0
607,COKE,2023-04-04,
608,COLB,2023-04-04,
609,COLD,2023-04-04,
610,COLL,2023-04-04,
611,COLM,2023-04-04,
612,CONN,2023-04-04,
613,COO,2023-04-04,
614,COOP,2023-04-04,
615,COP,2023-04-04,
616,CORT,2023-04-04,
617,COST,2023-04-04,
618,COTY,2023-04-04,
619,COUR,2023-04-04,
620,CP,2023-04-04,
621,CPB,2023-04-04,
622,CPE,2023-04-04,
623,CPF,2023-04-04,
624,CPHC,2023-04-04,
625,CPK,2023-04-04,
626,CPNG,2023-04-04,
627,CPRI,2023-04-04,
628,CPRT,2023-04-04,
629,CPRX,2023-04-04,
630,CPS,2023-04-04,0.0
631,CPSI,2023-04-04,
632,CPSS,2023-04-04,0.0
633,CPT,2023-04-04,
634,CR,2023-04-04,
635,CRAI,2023-04-04,
636,CRBP,2023-04-04,
637,CRBU,2023-04-04,
638,CRC,2023-04-04,
639,CRCT,2023-04-04,
640,CRD.A,2023-04-04,
641,CRDO,2023-04-04,
642,CRGY,2023-04-04,
643,CRI,2023-04-04,
644,CRK,2023-04-04,
645,CRL,2023-04-04,
646,CRM,2023-04-04,
647,CRMT,2023-04-04,
648,CRNC,2023-04-04,
649,CRNX,2023-04-04,
650,CROX,2023-04-04,
651,CRS,2023-04-04,
652,CRSP,2023-04-04,
653,CRSR,2023-04-04,
654,CRTO,2023-04-04,
655,CRUS,2023-04-04,
656,CRVL,2023-04-04,
657,CRWD,2023-04-04,
658,CRWS,2023-04-04,
659,CSCO,2023-04-04,
660,CSGP,2023-04-04,
661,CSGS,2023-04-04,
662,CSII,2023-04-04,
663,CSL,2023-04-04,
664,CSPI,2023-04-04,
665,CSR,2023-04-04,
666,CSTL,2023-04-04,
667,CSTR,2023-04-04,
668,CSV,2023-04-04,
669,CSWC,2023-04-04,
670,CSWI,2023-04-04,
671,CSX,2023-04-04,
672,CTAS,2023-04-04,
673,CTBI,2023-04-04,
674,CTG,2023-04-04,
675,CTGO,2023-04-04,
676,CTKB,2023-04-04,
677,CTLP,2023-04-04,
678,CTLT,2023-04-04,
679,CTO,2023-04-04,
680,CTOS,2023-04-04,
681,CTRA,2023-04-04,
682,CTRE,2023-04-04,
683,CTRN,2023-04-04,
684,CTS,2023-04-04,
685,CTSH,2023-04-04,
686,CTVA,2023-04-04,
687,CUBE,2023-04-04,
688,CUBI,2023-04-04,
689,CUEN,2023-04-04,
690,CULL,2023-04-04,
691,CULP,2023-04-04,
692,CUTR,2023-04-04,0.0
693,CUZ,2023-04-04,
694,CVBF,2023-04-04,
695,CVCO,2023-04-04,
696,CVCY,2023-04-04,
697,CVEO,2023-04-04,
698,CVGI,2023-04-04,
699,CVGW,2023-04-04,
700,CVI,2023-04-04,
701,CVLG,2023-04-04,
702,CVLT,2023-04-04,
703,CVLY,2023-04-04,0.0
704,CVNA,2023-04-04,
705,CVR,2023-04-04,
706,CVRX,2023-04-04,
707,CVS,2023-04-04,
708,CVT,2023-04-04,
709,CVV,2023-04-04,
710,CVX,2023-04-04,
711,CW,2023-04-04,
712,CWAN,2023-04-04,
713,CWBC,2023-04-04,
714,CWCO,2023-04-04,
715,CWEN,2023-04-04,
716,CWH,2023-04-04,
717,CWK,2023-04-04,
718,CWST,2023-04-04,
719,CWT,2023-04-04,
720,CXM,2023-04-04,
721,CXW,2023-04-04,
722,CYRX,2023-04-04,
723,CYTK,2023-04-04,
724,CZFS,2023-04-04,
725,CZNC,2023-04-04,
726,CZR,2023-04-04,
727,CZWI,2023-04-04,
728,D,2023-04-04,
729,DAKT,2023-04-04,
730,DAL,2023-04-04,
731,DAN,2023-04-04,
732,DAR,2023-04-04,
733,DASH,2023-04-04,0.0
734,DAVE,2023-04-04,0.0
735,DAWN,2023-04-04,
736,DBI,2023-04-04,
737,DBRG,2023-04-04,
738,DCGO,2023-04-04,
739,DCI,2023-04-04,
740,DCO,2023-04-04,
741,DCOM,2023-04-04,
742,DCP,2023-04-04,
743,DCPH,2023-04-04,
744,DD,2023-04-04,0.0
745,DDD,2023-04-04,
746,DDOG,2023-04-04,
747,DDS,2023-04-04,
748,DE,2023-04-04,
749,DEA,2023-04-04,
750,DECK,2023-04-04,
751,DEI,2023-04-04,
752,DEN,2023-04-04,
753,DFH,2023-04-04,
754,DFIN,2023-04-04,
755,DFS,2023-04-04,0.0
756,DG,2023-04-04,
757,DGICA,2023-04-04,
758,DGII,2023-04-04,
759,DGX,2023-04-04,
760,DH,2023-04-04,
761,DHI,2023-04-04,
762,DHIL,2023-04-04,
763,DHR,2023-04-04,
764,DICE,2023-04-04,
765,DINO,2023-04-04,0.0
766,DIOD,2023-04-04,
767,DIS,2023-04-04,
768,DISH,2023-04-04,
769,DIT,2023-04-04,
770,DJCO,2023-04-04,
771,DK,2023-04-04,
772,DKNG,2023-04-04,
773,DKS,2023-04-04,
774,DLA,2023-04-04,
775,DLB,2023-04-04,
776,DLHC,2023-04-04,
777,DLR,2023-04-04,
778,DLTH,2023-04-04,
779,DLTR,2023-04-04,
780,DLX,2023-04-04,
781,DMLP,2023-04-04,
782,DMRC,2023-04-04,
783,DNB,2023-04-04,
784,DNLI,2023-04-04,
785,DNOW,2023-04-04,
786,DNUT,2023-04-04,
787,DO,2023-04-04,
788,DOC,2023-04-04,
789,DOCN,2023-04-04,0.0
790,DOCS,2023-04-04,
791,DOCU,2023-04-04,
792,DOOR,2023-04-04,
793,DORM,2023-04-04,
794,DOV,2023-04-04,
795,DOW,2023-04-04,
796,DRH,2023-04-04,
797,DRI,2023-04-04,
798,DRQ,2023-04-04,
799,DRVN,2023-04-04,
800,DSEY,2023-04-04,
801,DSGN,2023-04-04,
802,DSGR,2023-04-04,
803,DSKE,2023-04-04,
804,DT,2023-04-04,
805,DTC,2023-04-04,
806,DTE,2023-04-04,
807,DTM,2023-04-04,
808,DUK,2023-04-04,
809,DUOL,2023-04-04,
810,DV,2023-04-04,
811,DVA,2023-04-04,
812,DVAX,2023-04-04,
813,DVN,2023-04-04,
814,DX,2023-04-04,0.0
815,DXC,2023-04-04,
816,DXCM,2023-04-04,
817,DXLG,2023-04-04,
818,DXPE,2023-04-04,
819,DY,2023-04-04,
820,DYN,2023-04-04,
821,DZSI,2023-04-04,
822,EA,2023-04-04,
823,EARN,2023-04-04,0.0
824,EB,2023-04-04,
825,EBAY,2023-04-04,
826,EBC,2023-04-04,
827,EBF,2023-04-04,
828,EBIX,2023-04-04,
829,EBMT,2023-04-04,
830,EBS,2023-04-04,0.0
831,EBTC,2023-04-04,
832,ECL,2023-04-04,
833,ECOR,2023-04-04,0.0
834,ECPG,2023-04-04,
835,ECVT,2023-04-04,
836,ED,2023-04-04,
837,EDIT,2023-04-04,0.0
838,EDR,2023-04-04,
839,EEFT,2023-04-04,
840,EFC,2023-04-04,
841,EFSC,2023-04-04,
842,EFX,2023-04-04,
843,EGAN,2023-04-04,
844,EGBN,2023-04-04,
845,EGLE,2023-04-04,
846,EGP,2023-04-04,
847,EGRX,2023-04-04,
848,EGY,2023-04-04,
849,EHC,2023-04-04,
850,EHTH,2023-04-04,
851,EIG,2023-04-04,0.0
852,EIX,2023-04-04,
853,EL,2023-04-04,
854,ELA,2023-04-04,
855,ELAN,2023-04-04,
856,ELF,2023-04-04,
857,ELMD,2023-04-04,
858,ELME,2023-04-04,
859,ELS,2023-04-04,
860,ELV,2023-04-04,
861,ELVN,2023-04-04,
862,EME,2023-04-04,
863,EML,2023-04-04,
864,EMN,2023-04-04,
865,EMR,2023-04-04,
866,ENB,2023-04-04,
867,ENFN,2023-04-04,
868,ENLC,2023-04-04,
869,ENOV,2023-04-04,
870,ENPH,2023-04-04,
871,ENR,2023-04-04,
872,ENS,2023-04-04,
873,ENSG,2023-04-04,
874,ENTA,2023-04-04,
875,ENTG,2023-04-04,
876,ENV,2023-04-04,
877,ENVA,2023-04-04,
878,ENVX,2023-04-04,
879,EOG,2023-04-04,
880,EOLS,2023-04-04,
881,EP,2023-04-04,
882,EPAC,2023-04-04,
883,EPAM,2023-04-04,
884,EPC,2023-04-04,
885,EPD,2023-04-04,
886,EPM,2023-04-04,
887,EPR,2023-04-04,
888,EPRT,2023-04-04,
889,EPSN,2023-04-04,
890,EQBK,2023-04-04,
891,EQC,2023-04-04,
892,EQH,2023-04-04,
893,EQIX,2023-04-04,
894,EQR,2023-04-04,
895,EQT,2023-04-04,
896,ERIE,2023-04-04,
897,ERII,2023-04-04,
898,ES,2023-04-04,
899,ESCA,2023-04-04,
900,ESE,2023-04-04,
901,ESGR,2023-04-04,0.0
902,ESI,2023-04-04,
903,ESMT,2023-04-04,
904,ESNT,2023-04-04,
905,ESP,2023-04-04,
906,ESQ,2023-04-04,
907,ESRT,2023-04-04,
908,ESS,2023-04-04,
909,ESSA,2023-04-04,
910,ESTA,2023-04-04,0.0
911,ESTC,2023-04-04,0.0
912,ESTE,2023-04-04,0.0
913,ET,2023-04-04,
914,ETD,2023-04-04,
915,ETN,2023-04-04,
916,ETNB,2023-04-04,
917,ETR,2023-04-04,
918,ETRN,2023-04-04,
919,ETSY,2023-04-04,
920,ETWO,2023-04-04,
921,EVA,2023-04-04,0.0
922,EVBG,2023-04-04,
923,EVBN,2023-04-04,
924,EVC,2023-04-04,
925,EVCM,2023-04-04,
926,EVER,2023-04-04,
927,EVEX,2023-04-04,
928,EVH,2023-04-04,
929,EVI,2023-04-04,
930,EVR,2023-04-04,
931,EVRG,2023-04-04,
932,EVRI,2023-04-04,
933,EVTC,2023-04-04,
934,EW,2023-04-04,
935,EWBC,2023-04-04,
936,EWCZ,2023-04-04,
937,EWTX,2023-04-04,
938,EXAS,2023-04-04,
939,EXC,2023-04-04,
940,EXEL,2023-04-04,
941,EXFY,2023-04-04,
942,EXLS,2023-04-04,
943,EXP,2023-04-04,
944,EXPD,2023-04-04,
945,EXPE,2023-04-04,
946,EXPI,2023-04-04,
947,EXPO,2023-04-04,
948,EXR,2023-04-04,
949,EXTR,2023-04-04,
950,EYE,2023-04-04,
951,EZPW,2023-04-04,
952,F,2023-04-04,
953,FA,2023-04-04,
954,FAF,2023-04-04,
955,FANG,2023-04-04,0.0
956,FARO,2023-04-04,
957,FAST,2023-04-04,
958,FATE,2023-04-04,0.0
959,FBHS,2023-04-04,
960,FBIZ,2023-04-04,
961,FBK,2023-04-04,
962,FBMS,2023-04-04,
963,FBNC,2023-04-04,
964,FBP,2023-04-04,
965,FBRT,2023-04-04,0.0
966,FC,2023-04-04,
967,FCAP,2023-04-04,
968,FCBC,2023-04-04,
969,FCCO,2023-04-04,
970,FCF,2023-04-04,
971,FCFS,2023-04-04,
972,FCN,2023-04-04,
973,FCNCA,2023-04-04,
974,FCPT,2023-04-04,
975,FCX,2023-04-04,
976,FDBC,2023-04-04,
977,FDMT,2023-04-04,
978,FDP,2023-04-04,
979,FDS,2023-04-04,
980,FDUS,2023-04-04,
981,FDX,2023-04-04,
982,FE,2023-04-04,
983,FEAM,2023-04-04,0.0
984,FEIM,2023-04-04,
985,FELE,2023-04-04,
986,FENC,2023-04-04,
987,FERG,2023-04-04,
988,FET,2023-04-04,
989,FF,2023-04-04,0.0
990,FFBC,2023-04-04,
991,FFIC,2023-04-04,
992,FFIN,2023-04-04,
993,FFIV,2023-04-04,
994,FFNW,2023-04-04,
995,FFWM,2023-04-04,
996,FGBI,2023-04-04,
997,FGEN,2023-04-04,0.0
998,FGMC,2023-04-04,
999,FHB,2023-04-04,
1000,FHI,2023-04-04,
1001,FHN,2023-04-04,
1002,FHTX,2023-04-04,0.0
1003,FIBK,2023-04-04,
1004,FIGS,2023-04-04,
1005,FINW,2023-04-04,
1006,FIS,2023-04-04,0.0
1007,FISI,2023-04-04,
1008,FISV,2023-04-04,
1009,FITB,2023-04-04,
1010,FIVE,2023-04-04,
1011,FIVN,2023-04-04,
1012,FIX,2023-04-04,
1013,FIZZ,2023-04-04,
1014,FL,2023-04-04,
1015,FLEX,2023-04-04,
1016,FLGT,2023-04-04,
1017,FLIC,2023-04-04,
1018,FLL,2023-04-04,
1019,FLNC,2023-04-04,
1020,FLO,2023-04-04,
1021,FLR,2023-04-04,
1022,FLS,2023-04-04,
1023,FLT,2023-04-04,
1024,FLWS,2023-04-04,0.0
1025,FLXS,2023-04-04,
1026,FLYW,2023-04-04,
1027,FMAO,2023-04-04,
1028,FMBH,2023-04-04,
1029,FMC,2023-04-04,
1030,FMNB,2023-04-04,
1031,FN,2023-04-04,
1032,FNA,2023-04-04,
1033,FNB,2023-04-04,
1034,FNCB,2023-04-04,
1035,FND,2023-04-04,
1036,FNF,2023-04-04,
1037,FNKO,2023-04-04,
1038,FNLC,2023-04-04,
1039,FNVT,2023-04-04,
1040,FNWB,2023-04-04,
1041,FNWD,2023-04-04,
1042,FOCS,2023-04-04,
1043,FOLD,2023-04-04,
1044,FONR,2023-04-04,
1045,FOR,2023-04-04,
1046,FORG,2023-04-04,
1047,FORM,2023-04-04,
1048,FORR,2023-04-04,
1049,FOUR,2023-04-04,
1050,FOXA,2023-04-04,
1051,FOXF,2023-04-04,
1052,FPI,2023-04-04,
1053,FR,2023-04-04,
1054,FRAF,2023-04-04,
1055,FRD,2023-04-04,
1056,FREY,2023-04-04,
1057,FRG,2023-04-04,
1058,FRGI,2023-04-04,
1059,FRHC,2023-04-04,
1060,FRME,2023-04-04,
1061,FROG,2023-04-04,
1062,FRPH,2023-04-04,
1063,FRPT,2023-04-04,
1064,FRSH,2023-04-04,
1065,FRST,2023-04-04,
1066,FRT,2023-04-04,
1067,FSBC,2023-04-04,
1068,FSBW,2023-04-04,
1069,FSEA,2023-04-04,
1070,FSFG,2023-04-04,
1071,FSK,2023-04-04,
1072,FSLR,2023-04-04,
1073,FSLY,2023-04-04,
1074,FSR,2023-04-04,
1075,FSS,2023-04-04,
1076,FSTR,2023-04-04,
1077,FTAI,2023-04-04,
1078,FTDR,2023-04-04,
1079,FTI,2023-04-04,
1080,FTV,2023-04-04,
1081,FUL,2023-04-04,
1082,FULT,2023-04-04,
1083,FUNC,2023-04-04,0.0
1084,FUSB,2023-04-04,
1085,FVCB,2023-04-04,
1086,FWONA,2023-04-04,
1087,FWRD,2023-04-04,
1088,FWRG,2023-04-04,
1089,FXNC,2023-04-04,0.0
1090,FYBR,2023-04-04,
1091,G,2023-04-04,
1092,GABC,2023-04-04,
1093,GAIN,2023-04-04,
1094,GATO,2023-04-04,
1095,GATX,2023-04-04,
1096,GBCI,2023-04-04,
1097,GBDC,2023-04-04,
1098,GBLI,2023-04-04,
1099,GBNY,2023-04-04,
1100,GBTG,2023-04-04,
1101,GBX,2023-04-04,
1102,GCBC,2023-04-04,
1103,GCO,2023-04-04,
1104,GD,2023-04-04,
1105,GDEN,2023-04-04,
1106,GDOT,2023-04-04,
1107,GDRX,2023-04-04,
1108,GDST,2023-04-04,
1109,GDYN,2023-04-04,
1110,GE,2023-04-04,
1111,GECC,2023-04-04,
1112,GEF,2023-04-04,0.0
1113,GEL,2023-04-04,
1114,GENC,2023-04-04,
1115,GEO,2023-04-04,
1116,GEOS,2023-04-04,
1117,GES,2023-04-04,
1118,GETY,2023-04-04,
1119,GFF,2023-04-04,
1120,GGG,2023-04-04,
1121,GH,2023-04-04,0.0
1122,GHC,2023-04-04,
1123,GHI,2023-04-04,
1124,GHL,2023-04-04,
1125,GHLD,2023-04-04,
1126,GHM,2023-04-04,
1127,GHSI,2023-04-04,
1128,GIC,2023-04-04,
1129,GIII,2023-04-04,0.0
1130,GILD,2023-04-04,
1131,GIS,2023-04-04,
1132,GKOS,2023-04-04,
1133,GL,2023-04-04,
1134,GLAD,2023-04-04,
1135,GLBZ,2023-04-04,
1136,GLDD,2023-04-04,0.0
1137,GLP,2023-04-04,
1138,GLPI,2023-04-04,
1139,GLRE,2023-04-04,0.0
1140,GLSI,2023-04-04,
1141,GLUE,2023-04-04,
1142,GLW,2023-04-04,
1143,GM,2023-04-04,
1144,GME,2023-04-04,
1145,GMED,2023-04-04,
1146,GMRE,2023-04-04,
1147,GMS,2023-04-04,
1148,GNE,2023-04-04,
1149,GNK,2023-04-04,
1150,GNL,2023-04-04,
1151,GNRC,2023-04-04,
1152,GNTX,2023-04-04,
1153,GNTY,2023-04-04,
1154,GNW,2023-04-04,
1155,GO,2023-04-04,
1156,GOCO,2023-04-04,
1157,GOLF,2023-04-04,
1158,GOOD,2023-04-04,
1159,GOOGL,2023-04-04,
1160,GPC,2023-04-04,
1161,GPI,2023-04-04,
1162,GPK,2023-04-04,
1163,GPN,2023-04-04,
1164,GPOR,2023-04-04,
1165,GPP,2023-04-04,
1166,GPRE,2023-04-04,
1167,GPS,2023-04-04,
1168,GRBK,2023-04-04,
1169,GRC,2023-04-04,
1170,GRMN,2023-04-04,
1171,GRND,2023-04-04,
1172,GRNT,2023-04-04,
1173,GS,2023-04-04,
1174,GSBC,2023-04-04,
1175,GSBD,2023-04-04,
1176,GSHD,2023-04-04,
1177,GT,2023-04-04,
1178,GTES,2023-04-04,
1179,GTLB,2023-04-04,
1180,GTLS,2023-04-04,
1181,GTN,2023-04-04,
1182,GTY,2023-04-04,
1183,GVA,2023-04-04,
1184,GWRE,2023-04-04,
1185,GWRS,2023-04-04,
1186,GWW,2023-04-04,
1187,GXO,2023-04-04,
1188,H,2023-04-04,
1189,HA,2023-04-04,
1190,HAE,2023-04-04,
1191,HAFC,2023-04-04,0.0
1192,HAIN,2023-04-04,
1193,HAL,2023-04-04,
1194,HALL,2023-04-04,0.0
1195,HALO,2023-04-04,
1196,HAS,2023-04-04,
1197,HASI,2023-04-04,
1198,HAYN,2023-04-04,
1199,HAYW,2023-04-04,
1200,HBAN,2023-04-04,
1201,HBB,2023-04-04,
1202,HBCP,2023-04-04,
1203,HBI,2023-04-04,0.0
1204,HBNC,2023-04-04,
1205,HBT,2023-04-04,
1206,HCAT,2023-04-04,
1207,HCC,2023-04-04,0.0
1208,HCCI,2023-04-04,
1209,HCDI,2023-04-04,
1210,HCI,2023-04-04,
1211,HCKT,2023-04-04,
1212,HCP,2023-04-04,
1213,HCSG,2023-04-04,
1214,HD,2023-04-04,
1215,HDSN,2023-04-04,
1216,HE,2023-04-04,
1217,HEAR,2023-04-04,0.0
1218,HEES,2023-04-04,
1219,HEI,2023-04-04,
1220,HELE,2023-04-04,
1221,HEP,2023-04-04,
1222,HES,2023-04-04,
1223,HESM,2023-04-04,
1224,HFBL,2023-04-04,
1225,HFWA,2023-04-04,
1226,HGTY,2023-04-04,
1227,HGV,2023-04-04,
1228,HHC,2023-04-04,
1229,HHGC,2023-04-04,
1230,HI,2023-04-04,
1231,HIBB,2023-04-04,
1232,HIG,2023-04-04,
1233,HII,2023-04-04,
1234,HIMS,2023-04-04,
1235,HIPO,2023-04-04,0.0
1236,HIW,2023-04-04,
1237,HL,2023-04-04,
1238,HLI,2023-04-04,
1239,HLIO,2023-04-04,
1240,HLIT,2023-04-04,
1241,HLMN,2023-04-04,
1242,HLNE,2023-04-04,
1243,HLX,2023-04-04,
1244,HMN,2023-04-04,
1245,HMNF,2023-04-04,
1246,HMST,2023-04-04,
1247,HNI,2023-04-04,
1248,HNNA,2023-04-04,
1249,HNRG,2023-04-04,
1250,HOFT,2023-04-04,
1251,HOFV,2023-04-04,
1252,HOG,2023-04-04,
1253,HOLX,2023-04-04,
1254,HOMB,2023-04-04,
1255,HON,2023-04-04,
1256,HONE,2023-04-04,
1257,HOOD,2023-04-04,
1258,HOPE,2023-04-04,
1259,HOUS,2023-04-04,0.0
1260,HOV,2023-04-04,
1261,HP,2023-04-04,
1262,HPE,2023-04-04,
1263,HPK,2023-04-04,0.0
1264,HPP,2023-04-04,
1265,HQI,2023-04-04,
1266,HQY,2023-04-04,
1267,HR,2023-04-04,
1268,HRB,2023-04-04,
1269,HRI,2023-04-04,
1270,HRL,2023-04-04,
1271,HRMY,2023-04-04,
1272,HROW,2023-04-04,
1273,HRT,2023-04-04,
1274,HRZN,2023-04-04,
1275,HSC,2023-04-04,
1276,HSIC,2023-04-04,
1277,HSII,2023-04-04,
1278,HSKA,2023-04-04,
1279,HSON,2023-04-04,
1280,HST,2023-04-04,
1281,HSTM,2023-04-04,
1282,HSY,2023-04-04,
1283,HT,2023-04-04,0.0
1284,HTBI,2023-04-04,
1285,HTBK,2023-04-04,
1286,HTGC,2023-04-04,
1287,HTH,2023-04-04,
1288,HTIA,2023-04-04,
1289,HTLD,2023-04-04,
1290,HTLF,2023-04-04,
1291,HTZ,2023-04-04,
1292,HUBB,2023-04-04,
1293,HUBG,2023-04-04,
1294,HUBS,2023-04-04,
1295,HUM,2023-04-04,
1296,HUN,2023-04-04,
1297,HURC,2023-04-04,
1298,HURN,2023-04-04,
1299,HVBC,2023-04-04,
1300,HVT,2023-04-04,
1301,HWBK,2023-04-04,
1302,HWC,2023-04-04,
1303,HWKN,2023-04-04,
1304,HWM,2023-04-04,
1305,HXL,2023-04-04,
1306,HY,2023-04-04,
1307,HZNP,2023-04-04,
1308,HZO,2023-04-04,
1309,IAC,2023-04-04,
1310,IART,2023-04-04,
1311,IAS,2023-04-04,
1312,IBCP,2023-04-04,
1313,IBKR,2023-04-04,
1314,IBM,2023-04-04,
1315,IBOC,2023-04-04,0.0
1316,IBP,2023-04-04,
1317,IBTX,2023-04-04,
1318,ICCC,2023-04-04,
1319,ICCH,2023-04-04,0.0
1320,ICE,2023-04-04,
1321,ICFI,2023-04-04,
1322,ICHR,2023-04-04,
1323,ICPT,2023-04-04,
1324,ICUI,2023-04-04,
1325,ICVX,2023-04-04,
1326,IDA,2023-04-04,
1327,IDCC,2023-04-04,
1328,IDT,2023-04-04,
1329,IDXX,2023-04-04,
1330,IDYA,2023-04-04,
1331,IEP,2023-04-04,
1332,IESC,2023-04-04,
1333,IEX,2023-04-04,
1334,IFF,2023-04-04,
1335,IGMS,2023-04-04,
1336,III,2023-04-04,
1337,IIIN,2023-04-04,
1338,IIIV,2023-04-04,
1339,IIPR,2023-04-04,
1340,ILMN,2023-04-04,
1341,IMAX,2023-04-04,
1342,IMKTA,2023-04-04,
1343,IMMR,2023-04-04,0.0
1344,IMO,2023-04-04,0.0
1345,IMRX,2023-04-04,
1346,IMVT,2023-04-04,0.0
1347,IMXI,2023-04-04,
1348,INBK,2023-04-04,
1349,INBX,2023-04-04,0.0
1350,INCY,2023-04-04,
1351,INDB,2023-04-04,
1352,INDI,2023-04-04,
1353,INDT,2023-04-04,
1354,INFA,2023-04-04,
1355,INFN,2023-04-04,
1356,INFU,2023-04-04,
1357,INGN,2023-04-04,0.0
1358,INGR,2023-04-04,
1359,INMB,2023-04-04,
1360,INN,2023-04-04,
1361,INNV,2023-04-04,
1362,INOD,2023-04-04,
1363,INSM,2023-04-04,0.0
1364,INSP,2023-04-04,
1365,INST,2023-04-04,
1366,INSW,2023-04-04,
1367,INT,2023-04-04,
1368,INTA,2023-04-04,
1369,INTC,2023-04-04,
1370,INTT,2023-04-04,
1371,INTU,2023-04-04,
1372,INVA,2023-04-04,
1373,INVE,2023-04-04,
1374,INVH,2023-04-04,
1375,INZY,2023-04-04,
1376,IONQ,2023-04-04,
1377,IONS,2023-04-04,
1378,IOR,2023-04-04,
1379,IOSP,2023-04-04,
1380,IOT,2023-04-04,
1381,IOVA,2023-04-04,0.0
1382,IP,2023-04-04,
1383,IPAR,2023-04-04,
1384,IPG,2023-04-04,
1385,IPGP,2023-04-04,
1386,IPI,2023-04-04,
1387,IPWR,2023-04-04,
1388,IQV,2023-04-04,
1389,IR,2023-04-04,
1390,IRBT,2023-04-04,0.0
1391,IRDM,2023-04-04,
1392,IRM,2023-04-04,
1393,IRMD,2023-04-04,
1394,IRON,2023-04-04,
1395,IROQ,2023-04-04,
1396,IRT,2023-04-04,
1397,IRTC,2023-04-04,
1398,IRWD,2023-04-04,
1399,ISDR,2023-04-04,
1400,ISEE,2023-04-04,
1401,ISIG,2023-04-04,
1402,ISRG,2023-04-04,
1403,ISSC,2023-04-04,
1404,ISTR,2023-04-04,0.0
1405,IT,2023-04-04,
1406,ITCI,2023-04-04,
1407,ITGR,2023-04-04,
1408,ITIC,2023-04-04,
1409,ITOS,2023-04-04,
1410,ITRI,2023-04-04,
1411,ITT,2023-04-04,
1412,ITW,2023-04-04,
1413,IVAC,2023-04-04,
1414,IVR,2023-04-04,
1415,IVT,2023-04-04,
1416,IVZ,2023-04-04,
1417,J,2023-04-04,
1418,JAKK,2023-04-04,
1419,JAMF,2023-04-04,
1420,JANX,2023-04-04,
1421,JAZZ,2023-04-04,
1422,JBGS,2023-04-04,
1423,JBHT,2023-04-04,
1424,JBI,2023-04-04,
1425,JBL,2023-04-04,
1426,JBLU,2023-04-04,
1427,JBSS,2023-04-04,
1428,JBT,2023-04-04,
1429,JCI,2023-04-04,
1430,JCTCF,2023-04-04,
1431,JEF,2023-04-04,
1432,JELD,2023-04-04,
1433,JHG,2023-04-04,
1434,JJSF,2023-04-04,
1435,JKHY,2023-04-04,
1436,JLL,2023-04-04,
1437,JNJ,2023-04-04,
1438,JNPR,2023-04-04,
1439,JOE,2023-04-04,
1440,JOUT,2023-04-04,
1441,JPM,2023-04-04,
1442,JRVR,2023-04-04,
1443,JWN,2023-04-04,
1444,JXN,2023-04-04,
1445,JYNT,2023-04-04,
1446,K,2023-04-04,
1447,KAI,2023-04-04,
1448,KALA,2023-04-04,
1449,KALU,2023-04-04,
1450,KALV,2023-04-04,
1451,KAMN,2023-04-04,
1452,KAR,2023-04-04,
1453,KBAL,2023-04-04,
1454,KBH,2023-04-04,
1455,KBR,2023-04-04,
1456,KD,2023-04-04,
1457,KDNY,2023-04-04,
1458,KDP,2023-04-04,
1459,KE,2023-04-04,
1460,KELYA,2023-04-04,
1461,KEQU,2023-04-04,
1462,KEX,2023-04-04,
1463,KEY,2023-04-04,
1464,KEYS,2023-04-04,
1465,KFFB,2023-04-04,
1466,KFRC,2023-04-04,
1467,KFS,2023-04-04,0.0
1468,KFY,2023-04-04,
1469,KHC,2023-04-04,
1470,KIDS,2023-04-04,
1471,KIM,2023-04-04,
1472,KKR,2023-04-04,
1473,KLAC,2023-04-04,
1474,KLIC,2023-04-04,
1475,KMB,2023-04-04,
1476,KMI,2023-04-04,
1477,KMPR,2023-04-04,
1478,KMT,2023-04-04,
1479,KMX,2023-04-04,
1480,KN,2023-04-04,
1481,KNSA,2023-04-04,
1482,KNSL,2023-04-04,
1483,KNTE,2023-04-04,0.0
1484,KNX,2023-04-04,
1485,KO,2023-04-04,
1486,KOD,2023-04-04,
1487,KOP,2023-04-04,
1488,KOS,2023-04-04,
1489,KR,2023-04-04,
1490,KRC,2023-04-04,
1491,KREF,2023-04-04,
1492,KRG,2023-04-04,
1493,KRNY,2023-04-04,
1494,KRO,2023-04-04,
1495,KROS,2023-04-04,
1496,KRP,2023-04-04,
1497,KRT,2023-04-04,
1498,KRTX,2023-04-04,
1499,KRUS,2023-04-04,
1500,KRYS,2023-04-04,
1501,KSS,2023-04-04,
1502,KTB,2023-04-04,
1503,KTCC,2023-04-04,
1504,KTOS,2023-04-04,
1505,KURA,2023-04-04,
1506,KVHI,2023-04-04,
1507,KW,2023-04-04,
1508,KWR,2023-04-04,
1509,KYCH,2023-04-04,
1510,KYMR,2023-04-04,
1511,L,2023-04-04,
1512,LAD,2023-04-04,
1513,LADR,2023-04-04,0.0
1514,LAKE,2023-04-04,
1515,LAMR,2023-04-04,
1516,LANC,2023-04-04,
1517,LAND,2023-04-04,
1518,LARK,2023-04-04,
1519,LASR,2023-04-04,
1520,LAUR,2023-04-04,
1521,LAW,2023-04-04,0.0
1522,LAZ,2023-04-04,
1523,LAZR,2023-04-04,
1524,LAZY,2023-04-04,
1525,LBAI,2023-04-04,
1526,LBC,2023-04-04,
1527,LBRDA,2023-04-04,
1528,LBRT,2023-04-04,
1529,LBTYA,2023-04-04,0.0
1530,LC,2023-04-04,
1531,LCID,2023-04-04,
1532,LCII,2023-04-04,
1533,LCNB,2023-04-04,
1534,LCUT,2023-04-04,
1535,LDOS,2023-04-04,
1536,LE,2023-04-04,
1537,LEA,2023-04-04,
1538,LECO,2023-04-04,
1539,LEE,2023-04-04,
1540,LEG,2023-04-04,
1541,LEGH,2023-04-04,
1542,LEN,2023-04-04,
1543,LEVI,2023-04-04,
1544,LFST,2023-04-04,
1545,LFUS,2023-04-04,
1546,LGF.B,2023-04-04,
1547,LGIH,2023-04-04,
1548,LGND,2023-04-04,
1549,LH,2023-04-04,
1550,LHX,2023-04-04,
1551,LILA,2023-04-04,
1552,LIN,2023-04-04,
1553,LINC,2023-04-04,
1554,LINK,2023-04-04,
1555,LITE,2023-04-04,
1556,LIVE,2023-04-04,
1557,LIVN,2023-04-04,
1558,LKFN,2023-04-04,
1559,LKQ,2023-04-04,
1560,LLY,2023-04-04,
1561,LMAT,2023-04-04,
1562,LMB,2023-04-04,
1563,LMND,2023-04-04,
1564,LMNR,2023-04-04,
1565,LMST,2023-04-04,
1566,LMT,2023-04-04,
1567,LNC,2023-04-04,
1568,LNN,2023-04-04,
1569,LNT,2023-04-04,
1570,LNTH,2023-04-04,
1571,LNW,2023-04-04,
1572,LOAN,2023-04-04,
1573,LOB,2023-04-04,
1574,LOCO,2023-04-04,
1575,LOGI,2023-04-04,
1576,LOPE,2023-04-04,
1577,LOVE,2023-04-04,
1578,LPG,2023-04-04,
1579,LPLA,2023-04-04,
1580,LPRO,2023-04-04,0.0
1581,LPX,2023-04-04,
1582,LQDA,2023-04-04,
1583,LQDT,2023-04-04,
1584,LRCX,2023-04-04,
1585,LRFC,2023-04-04,
1586,LRN,2023-04-04,
1587,LSBK,2023-04-04,
1588,LSCC,2023-04-04,
1589,LSEA,2023-04-04,
1590,LSI,2023-04-04,
1591,LSTR,2023-04-04,
1592,LTC,2023-04-04,
1593,LTH,2023-04-04,
1594,LTHM,2023-04-04,
1595,LTRN,2023-04-04,
1596,LULU,2023-04-04,
1597,LUNA,2023-04-04,
1598,LUNG,2023-04-04,
1599,LUNR,2023-04-04,
1600,LUV,2023-04-04,
1601,LVS,2023-04-04,
1602,LVWR,2023-04-04,
1603,LW,2023-04-04,
1604,LWAY,2023-04-04,
1605,LWLG,2023-04-04,
1606,LXFR,2023-04-04,
1607,LXP,2023-04-04,
1608,LXU,2023-04-04,
1609,LYB,2023-04-04,
1610,LYFT,2023-04-04,0.0
1611,LYTS,2023-04-04,
1612,LZ,2023-04-04,
1613,LZB,2023-04-04,
1614,M,2023-04-04,-1.0
1615,MA,2023-04-04,
1616,MAA,2023-04-04,
1617,MAC,2023-04-04,
1618,MACK,2023-04-04,
1619,MAIN,2023-04-04,0.0
1620,MAN,2023-04-04,
1621,MANH,2023-04-04,
1622,MAR,2023-04-04,
1623,MARA,2023-04-04,
1624,MARPS,2023-04-04,
1625,MASI,2023-04-04,
1626,MASS,2023-04-04,
1627,MAT,2023-04-04,
1628,MATV,2023-04-04,
1629,MATW,2023-04-04,
1630,MATX,2023-04-04,
1631,MAXR,2023-04-04,
1632,MAYS,2023-04-04,
1633,MBCN,2023-04-04,
1634,MBIN,2023-04-04,0.0
1635,MBUU,2023-04-04,
1636,MBWM,2023-04-04,0.0
1637,MC,2023-04-04,
1638,MCB,2023-04-04,
1639,MCBC,2023-04-04,
1640,MCBS,2023-04-04,
1641,MCFT,2023-04-04,
1642,MCHP,2023-04-04,
1643,MCO,2023-04-04,
1644,MCRB,2023-04-04,0.0
1645,MCRI,2023-04-04,
1646,MCS,2023-04-04,
1647,MCW,2023-04-04,
1648,MCY,2023-04-04,
1649,MD,2023-04-04,
1650,MDB,2023-04-04,0.0
1651,MDC,2023-04-04,
1652,MDGL,2023-04-04,0.0
1653,MDLZ,2023-04-04,
1654,MDRX,2023-04-04,
1655,MDT,2023-04-04,
1656,MDU,2023-04-04,
1657,MDV,2023-04-04,
1658,MDWT,2023-04-04,0.0
1659,MEC,2023-04-04,
1660,MED,2023-04-04,
1661,MEDP,2023-04-04,
1662,MEG,2023-04-04,
1663,MEI,2023-04-04,
1664,MELI,2023-04-04,
1665,MERC,2023-04-04,
1666,MET,2023-04-04,
1667,META,2023-04-04,
1668,METC,2023-04-04,
1669,MFA,2023-04-04,
1670,MFIC,2023-04-04,0.0
1671,MFIN,2023-04-04,-1.0
1672,MG,2023-04-04,
1673,MGEE,2023-04-04,
1674,MGM,2023-04-04,
1675,MGNI,2023-04-04,
1676,MGNX,2023-04-04,
1677,MGPI,2023-04-04,
1678,MGRC,2023-04-04,
1679,MGTX,2023-04-04,
1680,MGY,2023-04-04,
1681,MGYR,2023-04-04,
1682,MHH,2023-04-04,
1683,MHK,2023-04-04,
1684,MHO,2023-04-04,
1685,MIDD,2023-04-04,
1686,MIR,2023-04-04,
1687,MIRM,2023-04-04,
1688,MITK,2023-04-04,
1689,MITT,2023-04-04,
1690,MIXT,2023-04-04,
1691,MKC,2023-04-04,
1692,MKL,2023-04-04,
1693,MKSI,2023-04-04,
1694,MKTX,2023-04-04,
1695,MLAB,2023-04-04,
1696,MLI,2023-04-04,
1697,MLKN,2023-04-04,
1698,MLM,2023-04-04,
1699,MLNK,2023-04-04,
1700,MLP,2023-04-04,
1701,MLR,2023-04-04,
1702,MLTX,2023-04-04,
1703,MLVF,2023-04-04,
1704,MMC,2023-04-04,
1705,MMI,2023-04-04,
1706,MMM,2023-04-04,
1707,MMP,2023-04-04,
1708,MMS,2023-04-04,
1709,MMSI,2023-04-04,
1710,MNRO,2023-04-04,
1711,MNSB,2023-04-04,-1.0
1712,MNST,2023-04-04,
1713,MNTK,2023-04-04,
1714,MNTV,2023-04-04,
1715,MNTX,2023-04-04,
1716,MOD,2023-04-04,
1717,MODG,2023-04-04,
1718,MODN,2023-04-04,
1719,MODV,2023-04-04,
1720,MOFG,2023-04-04,
1721,MOG.A,2023-04-04,
1722,MOH,2023-04-04,
1723,MORF,2023-04-04,
1724,MORN,2023-04-04,
1725,MOS,2023-04-04,
1726,MOV,2023-04-04,
1727,MP,2023-04-04,
1728,MPAA,2023-04-04,
1729,MPB,2023-04-04,
1730,MPC,2023-04-04,0.0
1731,MPLX,2023-04-04,
1732,MPW,2023-04-04,
1733,MPWR,2023-04-04,
1734,MPX,2023-04-04,
1735,MRAM,2023-04-04,
1736,MRBK,2023-04-04,
1737,MRC,2023-04-04,
1738,MRCC,2023-04-04,
1739,MRCY,2023-04-04,
1740,MRK,2023-04-04,
1741,MRNA,2023-04-04,
1742,MRNS,2023-04-04,
1743,MRO,2023-04-04,
1744,MRTN,2023-04-04,
1745,MRTX,2023-04-04,
1746,MRUS,2023-04-04,
1747,MRVI,2023-04-04,
1748,MRVL,2023-04-04,
1749,MS,2023-04-04,
1750,MSA,2023-04-04,
1751,MSB,2023-04-04,
1752,MSBI,2023-04-04,0.0
1753,MSEX,2023-04-04,
1754,MSFT,2023-04-04,
1755,MSGE,2023-04-04,
1756,MSGM,2023-04-04,
1757,MSM,2023-04-04,
1758,MSVB,2023-04-04,
1759,MTB,2023-04-04,
1760,MTD,2023-04-04,0.0
1761,MTDR,2023-04-04,
1762,MTEX,2023-04-04,
1763,MTG,2023-04-04,-1.0
1764,MTH,2023-04-04,
1765,MTN,2023-04-04,
1766,MTRN,2023-04-04,
1767,MTRX,2023-04-04,
1768,MTRY,2023-04-04,
1769,MTSI,2023-04-04,
1770,MTW,2023-04-04,
1771,MTX,2023-04-04,
1772,MTZ,2023-04-04,
1773,MU,2023-04-04,
1774,MUR,2023-04-04,
1775,MUSA,2023-04-04,
1776,MUX,2023-04-04,
1777,MVBF,2023-04-04,
1778,MWA,2023-04-04,
1779,MX,2023-04-04,
1780,MXC,2023-04-04,
1781,MXL,2023-04-04,
1782,MYE,2023-04-04,
1783,MYFW,2023-04-04,
1784,MYGN,2023-04-04,
1785,MYRG,2023-04-04,
1786,NABL,2023-04-04,
1787,NAII,2023-04-04,
1788,NAPA,2023-04-04,
1789,NARI,2023-04-04,
1790,NATI,2023-04-04,
1791,NATR,2023-04-04,
1792,NAVI,2023-04-04,0.0
1793,NBHC,2023-04-04,
1794,NBIX,2023-04-04,
1795,NBR,2023-04-04,
1796,NBTB,2023-04-04,
1797,NC,2023-04-04,
1798,NCLH,2023-04-04,0.0
1799,NCNO,2023-04-04,
1800,NCR,2023-04-04,
1801,NCSM,2023-04-04,
1802,NDAQ,2023-04-04,
1803,NDSN,2023-04-04,
1804,NE,2023-04-04,0.0
1805,NECB,2023-04-04,
1806,NEE,2023-04-04,
1807,NEM,2023-04-04,
1808,NEO,2023-04-04,
1809,NEOG,2023-04-04,
1810,NEON,2023-04-04,
1811,NEP,2023-04-04,
1812,NET,2023-04-04,0.0
1813,NEU,2023-04-04,
1814,NEWR,2023-04-04,
1815,NEWT,2023-04-04,
1816,NEX,2023-04-04,
1817,NFBK,2023-04-04,
1818,NFE,2023-04-04,
1819,NFG,2023-04-04,
1820,NFLX,2023-04-04,
1821,NG,2023-04-04,
1822,NGS,2023-04-04,
1823,NGVC,2023-04-04,
1824,NGVT,2023-04-04,
1825,NHC,2023-04-04,
1826,NHI,2023-04-04,
1827,NHTC,2023-04-04,
1828,NI,2023-04-04,0.0
1829,NIC,2023-04-04,
1830,NICK,2023-04-04,
1831,NJR,2023-04-04,
1832,NKE,2023-04-04,
1833,NKSH,2023-04-04,0.0
1834,NL,2023-04-04,
1835,NLY,2023-04-04,
1836,NMFC,2023-04-04,
1837,NMIH,2023-04-04,0.0
1838,NMRK,2023-04-04,
1839,NNI,2023-04-04,
1840,NNN,2023-04-04,
1841,NOC,2023-04-04,
1842,NODK,2023-04-04,
1843,NOG,2023-04-04,
1844,NOV,2023-04-04,
1845,NOVA,2023-04-04,
1846,NOVT,2023-04-04,
1847,NOW,2023-04-04,
1848,NPK,2023-04-04,
1849,NPO,2023-04-04,0.0
1850,NRC,2023-04-04,
1851,NRDS,2023-04-04,
1852,NREF,2023-04-04,
1853,NRG,2023-04-04,
1854,NRIM,2023-04-04,
1855,NRIX,2023-04-04,
1856,NRP,2023-04-04,0.0
1857,NS,2023-04-04,
1858,NSA,2023-04-04,
1859,NSC,2023-04-04,
1860,NSIT,2023-04-04,
1861,NSP,2023-04-04,
1862,NSSC,2023-04-04,
1863,NSTG,2023-04-04,0.0
1864,NSTS,2023-04-04,
1865,NSYS,2023-04-04,
1866,NTAP,2023-04-04,
1867,NTCT,2023-04-04,
1868,NTGR,2023-04-04,
1869,NTIC,2023-04-04,
1870,NTLA,2023-04-04,
1871,NTRA,2023-04-04,
1872,NTRS,2023-04-04,
1873,NTST,2023-04-04,
1874,NUE,2023-04-04,
1875,NUS,2023-04-04,
1876,NUVA,2023-04-04,
1877,NUVL,2023-04-04,
1878,NUZE,2023-04-04,
1879,NVCR,2023-04-04,
1880,NVCT,2023-04-04,
1881,NVDA,2023-04-04,
1882,NVEC,2023-04-04,
1883,NVEE,2023-04-04,
1884,NVR,2023-04-04,
1885,NVRO,2023-04-04,
1886,NVST,2023-04-04,
1887,NVT,2023-04-04,
1888,NVTS,2023-04-04,
1889,NWBI,2023-04-04,
1890,NWE,2023-04-04,
1891,NWFL,2023-04-04,
1892,NWL,2023-04-04,
1893,NWLI,2023-04-04,
1894,NWN,2023-04-04,0.0
1895,NWPX,2023-04-04,
1896,NWSA,2023-04-04,
1897,NX,2023-04-04,
1898,NXGN,2023-04-04,
1899,NXPI,2023-04-04,
1900,NXRT,2023-04-04,
1901,NXST,2023-04-04,
1902,NYC,2023-04-04,
1903,NYCB,2023-04-04,
1904,NYMT,2023-04-04,
1905,NYT,2023-04-04,
1906,O,2023-04-04,
1907,OBNK,2023-04-04,
1908,OBT,2023-04-04,
1909,OC,2023-04-04,
1910,OCFC,2023-04-04,
1911,OCN,2023-04-04,
1912,OCSL,2023-04-04,
1913,OCUL,2023-04-04,
1914,ODC,2023-04-04,
1915,ODFL,2023-04-04,
1916,ODP,2023-04-04,
1917,OEC,2023-04-04,
1918,OFC,2023-04-04,
1919,OFED,2023-04-04,
1920,OFG,2023-04-04,
1921,OFIX,2023-04-04,
1922,OFLX,2023-04-04,
1923,OFS,2023-04-04,
1924,OGE,2023-04-04,
1925,OGS,2023-04-04,
1926,OHAA,2023-04-04,
1927,OHI,2023-04-04,
1928,OI,2023-04-04,
1929,OII,2023-04-04,0.0
1930,OIS,2023-04-04,
1931,OKE,2023-04-04,
1932,OKTA,2023-04-04,
1933,OLED,2023-04-04,
1934,OLLI,2023-04-04,
1935,OLN,2023-04-04,
1936,OLO,2023-04-04,
1937,OLP,2023-04-04,
1938,OM,2023-04-04,
1939,OMC,2023-04-04,
1940,OMCL,2023-04-04,
1941,OMF,2023-04-04,
1942,OMGA,2023-04-04,
1943,OMI,2023-04-04,
1944,ON,2023-04-04,
1945,ONB,2023-04-04,0.0
1946,ONEW,2023-04-04,
1947,ONL,2023-04-04,
1948,ONTF,2023-04-04,
1949,ONTO,2023-04-04,
1950,OOMA,2023-04-04,
1951,OPAL,2023-04-04,
1952,OPBK,2023-04-04,
1953,OPCH,2023-04-04,
1954,OPI,2023-04-04,
1955,OPOF,2023-04-04,
1956,OPRX,2023-04-04,
1957,OPY,2023-04-04,
1958,ORA,2023-04-04,
1959,ORC,2023-04-04,0.0
1960,ORCC,2023-04-04,
1961,ORI,2023-04-04,0.0
1962,ORIC,2023-04-04,
1963,ORRF,2023-04-04,0.0
1964,ORTX,2023-04-04,
1965,OSBC,2023-04-04,0.0
1966,OSCR,2023-04-04,0.0
1967,OSIS,2023-04-04,
1968,OSK,2023-04-04,
1969,OSPN,2023-04-04,
1970,OSTK,2023-04-04,
1971,OSUR,2023-04-04,
1972,OSW,2023-04-04,
1973,OTEX,2023-04-04,
1974,OTTR,2023-04-04,
1975,OUT,2023-04-04,
1976,OVBC,2023-04-04,
1977,OVLY,2023-04-04,
1978,OVV,2023-04-04,
1979,OWL,2023-04-04,
1980,OXM,2023-04-04,
1981,OXUS,2023-04-04,
1982,OXY,2023-04-04,
1983,OZ,2023-04-04,
1984,PAA,2023-04-04,
1985,PACB,2023-04-04,
1986,PACK,2023-04-04,
1987,PACW,2023-04-04,
1988,PAG,2023-04-04,
1989,PAGP,2023-04-04,
1990,PAHC,2023-04-04,
1991,PANL,2023-04-04,
1992,PANW,2023-04-04,
1993,PAR,2023-04-04,
1994,PARA,2023-04-04,
1995,PARR,2023-04-04,
1996,PATH,2023-04-04,
1997,PATI,2023-04-04,
1998,PATK,2023-04-04,
1999,PAY,2023-04-04,
2000,PAYC,2023-04-04,
2001,PAYO,2023-04-04,
2002,PAYX,2023-04-04,
2003,PB,2023-04-04,
2004,PBBK,2023-04-04,
2005,PBF,2023-04-04,0.0
2006,PBFS,2023-04-04,
2007,PBH,2023-04-04,
2008,PBHC,2023-04-04,
2009,PBPB,2023-04-04,
2010,PBT,2023-04-04,
2011,PCAR,2023-04-04,
2012,PCB,2023-04-04,
2013,PCG,2023-04-04,
2014,PCH,2023-04-04,
2015,PCOR,2023-04-04,
2016,PCRX,2023-04-04,
2017,PCT,2023-04-04,
2018,PCTY,2023-04-04,
2019,PCVX,2023-04-04,
2020,PCYG,2023-04-04,
2021,PCYO,2023-04-04,
2022,PD,2023-04-04,
2023,PDCE,2023-04-04,
2024,PDCO,2023-04-04,
2025,PDEX,2023-04-04,
2026,PDFS,2023-04-04,
2027,PDLB,2023-04-04,
2028,PDM,2023-04-04,
2029,PDSB,2023-04-04,
2030,PEAK,2023-04-04,
2031,PEB,2023-04-04,
2032,PEBK,2023-04-04,
2033,PEBO,2023-04-04,
2034,PECO,2023-04-04,
2035,PEG,2023-04-04,0.0
2036,PEGA,2023-04-04,
2037,PEN,2023-04-04,
2038,PENN,2023-04-04,
2039,PEP,2023-04-04,
2040,PESI,2023-04-04,
2041,PETQ,2023-04-04,
2042,PETS,2023-04-04,
2043,PFC,2023-04-04,
2044,PFE,2023-04-04,
2045,PFG,2023-04-04,
2046,PFGC,2023-04-04,
2047,PFIN,2023-04-04,
2048,PFIS,2023-04-04,
2049,PFLT,2023-04-04,
2050,PFS,2023-04-04,
2051,PFSI,2023-04-04,
2052,PFX,2023-04-04,
2053,PG,2023-04-04,
2054,PGC,2023-04-04,
2055,PGNY,2023-04-04,
2056,PGR,2023-04-04,
2057,PGTI,2023-04-04,
2058,PH,2023-04-04,
2059,PHIO,2023-04-04,
2060,PHM,2023-04-04,
2061,PHR,2023-04-04,
2062,PI,2023-04-04,0.0
2063,PII,2023-04-04,
2064,PINC,2023-04-04,
2065,PINE,2023-04-04,
2066,PINS,2023-04-04,
2067,PIPR,2023-04-04,
2068,PJT,2023-04-04,
2069,PK,2023-04-04,
2070,PKBK,2023-04-04,
2071,PKE,2023-04-04,
2072,PKG,2023-04-04,
2073,PKI,2023-04-04,
2074,PKOH,2023-04-04,
2075,PLAB,2023-04-04,
2076,PLAY,2023-04-04,
2077,PLBC,2023-04-04,0.0
2078,PLCE,2023-04-04,
2079,PLD,2023-04-04,
2080,PLL,2023-04-04,
2081,PLMR,2023-04-04,
2082,PLOW,2023-04-04,
2083,PLPC,2023-04-04,
2084,PLRX,2023-04-04,
2085,PLTR,2023-04-04,
2086,PLUG,2023-04-04,
2087,PLUS,2023-04-04,
2088,PLXS,2023-04-04,
2089,PLYA,2023-04-04,
2090,PLYM,2023-04-04,
2091,PMD,2023-04-04,
2092,PMT,2023-04-04,
2093,PNBK,2023-04-04,
2094,PNC,2023-04-04,
2095,PNFP,2023-04-04,
2096,PNM,2023-04-04,
2097,PNNT,2023-04-04,
2098,PNR,2023-04-04,
2099,PNRG,2023-04-04,0.0
2100,PNT,2023-04-04,0.0
2101,PNTG,2023-04-04,
2102,PNW,2023-04-04,
2103,POCI,2023-04-04,
2104,PODD,2023-04-04,
2105,POOL,2023-04-04,
2106,POR,2023-04-04,
2107,POST,2023-04-04,
2108,POWI,2023-04-04,
2109,POWL,2023-04-04,
2110,PPBI,2023-04-04,
2111,PPC,2023-04-04,
2112,PPG,2023-04-04,
2113,PPIH,2023-04-04,
2114,PPL,2023-04-04,
2115,PR,2023-04-04,
2116,PRA,2023-04-04,
2117,PRAA,2023-04-04,
2118,PRCT,2023-04-04,
2119,PRDO,2023-04-04,
2120,PRFT,2023-04-04,
2121,PRG,2023-04-04,
2122,PRGO,2023-04-04,
2123,PRGS,2023-04-04,
2124,PRI,2023-04-04,
2125,PRIM,2023-04-04,
2126,PRK,2023-04-04,
2127,PRLB,2023-04-04,
2128,PRLD,2023-04-04,
2129,PRM,2023-04-04,
2130,PRMW,2023-04-04,
2131,PROK,2023-04-04,
2132,PROV,2023-04-04,
2133,PRPH,2023-04-04,
2134,PRTA,2023-04-04,
2135,PRTS,2023-04-04,
2136,PRU,2023-04-04,
2137,PRVA,2023-04-04,
2138,PRVB,2023-04-04,
2139,PSA,2023-04-04,
2140,PSEC,2023-04-04,
2141,PSMT,2023-04-04,
2142,PSN,2023-04-04,
2143,PSTG,2023-04-04,
2144,PSTL,2023-04-04,
2145,PSX,2023-04-04,0.0
2146,PTC,2023-04-04,
2147,PTEN,2023-04-04,
2148,PTGX,2023-04-04,
2149,PTLO,2023-04-04,
2150,PTMN,2023-04-04,
2151,PTON,2023-04-04,0.0
2152,PTRS,2023-04-04,
2153,PTSI,2023-04-04,
2154,PTVE,2023-04-04,
2155,PUBM,2023-04-04,
2156,PUMP,2023-04-04,
2157,PVBC,2023-04-04,
2158,PVH,2023-04-04,
2159,PWOD,2023-04-04,
2160,PWP,2023-04-04,
2161,PWR,2023-04-04,
2162,PWSC,2023-04-04,
2163,PX,2023-04-04,
2164,PXD,2023-04-04,
2165,PYCR,2023-04-04,
2166,PYPL,2023-04-04,
2167,QCOM,2023-04-04,
2168,QCRH,2023-04-04,
2169,QDEL,2023-04-04,
2170,QLYS,2023-04-04,
2171,QNST,2023-04-04,
2172,QRHC,2023-04-04,
2173,QRVO,2023-04-04,
2174,QS,2023-04-04,
2175,QSR,2023-04-04,
2176,QTRX,2023-04-04,
2177,QTWO,2023-04-04,
2178,QUIK,2023-04-04,
2179,QURE,2023-04-04,
2180,R,2023-04-04,
2181,RADI,2023-04-04,
2182,RAIN,2023-04-04,
2183,RAMP,2023-04-04,
2184,RAND,2023-04-04,
2185,RANI,2023-04-04,0.0
2186,RAPT,2023-04-04,
2187,RARE,2023-04-04,
2188,RBA,2023-04-04,
2189,RBB,2023-04-04,
2190,RBC,2023-04-04,
2191,RBCAA,2023-04-04,
2192,RBKB,2023-04-04,
2193,RBLX,2023-04-04,0.0
2194,RC,2023-04-04,
2195,RCEL,2023-04-04,
2196,RCKT,2023-04-04,
2197,RCKY,2023-04-04,
2198,RCL,2023-04-04,
2199,RCM,2023-04-04,
2200,RCMT,2023-04-04,
2201,RCUS,2023-04-04,
2202,RDFN,2023-04-04,0.0
2203,RDN,2023-04-04,0.0
2204,RDNT,2023-04-04,
2205,RDVT,2023-04-04,
2206,RE,2023-04-04,
2207,REFI,2023-04-04,
2208,REG,2023-04-04,
2209,REGN,2023-04-04,
2210,RELL,2023-04-04,
2211,RELY,2023-04-04,
2212,REPL,2023-04-04,
2213,REPX,2023-04-04,0.0
2214,RES,2023-04-04,
2215,RETA,2023-04-04,
2216,REVG,2023-04-04,
2217,REX,2023-04-04,
2218,REXR,2023-04-04,
2219,REYN,2023-04-04,
2220,REZI,2023-04-04,
2221,RF,2023-04-04,
2222,RGA,2023-04-04,
2223,RGCO,2023-04-04,
2224,RGEN,2023-04-04,
2225,RGLD,2023-04-04,
2226,RGNX,2023-04-04,
2227,RGP,2023-04-04,
2228,RGR,2023-04-04,
2229,RH,2023-04-04,
2230,RHI,2023-04-04,
2231,RICK,2023-04-04,
2232,RIG,2023-04-04,
2233,RILY,2023-04-04,
2234,RIOT,2023-04-04,
2235,RITM,2023-04-04,
2236,RIVN,2023-04-04,
2237,RJF,2023-04-04,
2238,RKDA,2023-04-04,
2239,RKT,2023-04-04,
2240,RL,2023-04-04,
2241,RLAY,2023-04-04,
2242,RLGT,2023-04-04,
2243,RLI,2023-04-04,
2244,RLJ,2023-04-04,
2245,RLYB,2023-04-04,
2246,RM,2023-04-04,
2247,RMAX,2023-04-04,
2248,RMBI,2023-04-04,
2249,RMBL,2023-04-04,
2250,RMBS,2023-04-04,
2251,RMCF,2023-04-04,
2252,RMD,2023-04-04,
2253,RMR,2023-04-04,
2254,RNA,2023-04-04,
2255,RNGR,2023-04-04,
2256,RNR,2023-04-04,
2257,RNST,2023-04-04,
2258,ROAD,2023-04-04,
2259,ROC,2023-04-04,
2260,ROCC,2023-04-04,
2261,ROCG,2023-04-04,
2262,ROCK,2023-04-04,
2263,ROCL,2023-04-04,
2264,ROG,2023-04-04,
2265,ROIC,2023-04-04,
2266,ROIV,2023-04-04,
2267,ROK,2023-04-04,
2268,ROKU,2023-04-04,0.0
2269,ROL,2023-04-04,
2270,ROP,2023-04-04,
2271,ROST,2023-04-04,
2272,RPAY,2023-04-04,
2273,RPHM,2023-04-04,
2274,RPM,2023-04-04,
2275,RPRX,2023-04-04,
2276,RPT,2023-04-04,0.0
2277,RPTX,2023-04-04,
2278,RRBI,2023-04-04,
2279,RRC,2023-04-04,
2280,RRGB,2023-04-04,0.0
2281,RRR,2023-04-04,
2282,RRX,2023-04-04,
2283,RS,2023-04-04,
2284,RSG,2023-04-04,
2285,RSVR,2023-04-04,
2286,RTL,2023-04-04,
2287,RTX,2023-04-04,
2288,RUM,2023-04-04,
2289,RUN,2023-04-04,
2290,RUSHA,2023-04-04,
2291,RUTH,2023-04-04,
2292,RVLV,2023-04-04,
2293,RVMD,2023-04-04,
2294,RVNC,2023-04-04,
2295,RVSB,2023-04-04,
2296,RWAY,2023-04-04,
2297,RWT,2023-04-04,
2298,RXDX,2023-04-04,
2299,RXRX,2023-04-04,
2300,RXST,2023-04-04,
2301,RYAM,2023-04-04,
2302,RYAN,2023-04-04,
2303,RYI,2023-04-04,
2304,RYN,2023-04-04,
2305,RYTM,2023-04-04,
2306,S,2023-04-04,
2307,SAFE,2023-04-04,0.0
2308,SAFT,2023-04-04,
2309,SAGE,2023-04-04,
2310,SAH,2023-04-04,
2311,SAIA,2023-04-04,
2312,SAIC,2023-04-04,
2313,SAL,2023-04-04,
2314,SAM,2023-04-04,
2315,SAMG,2023-04-04,
2316,SANM,2023-04-04,
2317,SAR,2023-04-04,
2318,SASR,2023-04-04,
2319,SATS,2023-04-04,
2320,SAVA,2023-04-04,
2321,SAVE,2023-04-04,
2322,SBCF,2023-04-04,
2323,SBFG,2023-04-04,
2324,SBGI,2023-04-04,
2325,SBH,2023-04-04,
2326,SBOW,2023-04-04,
2327,SBRA,2023-04-04,
2328,SBSI,2023-04-04,
2329,SBT,2023-04-04,
2330,SCCO,2023-04-04,
2331,SCHL,2023-04-04,
2332,SCHN,2023-04-04,
2333,SCHW,2023-04-04,
2334,SCI,2023-04-04,
2335,SCL,2023-04-04,
2336,SCLX,2023-04-04,
2337,SCM,2023-04-04,
2338,SCPH,2023-04-04,
2339,SCPL,2023-04-04,
2340,SCS,2023-04-04,
2341,SCSC,2023-04-04,
2342,SCVL,2023-04-04,
2343,SCWX,2023-04-04,
2344,SCX,2023-04-04,
2345,SD,2023-04-04,
2346,SDGR,2023-04-04,
2347,SEB,2023-04-04,0.0
2348,SEDG,2023-04-04,
2349,SEE,2023-04-04,
2350,SEIC,2023-04-04,
2351,SELF,2023-04-04,
2352,SEM,2023-04-04,
2353,SEMR,2023-04-04,
2354,SENEA,2023-04-04,
2355,SF,2023-04-04,
2356,SFBC,2023-04-04,
2357,SFBS,2023-04-04,
2358,SFIX,2023-04-04,0.0
2359,SFM,2023-04-04,
2360,SFNC,2023-04-04,
2361,SFST,2023-04-04,
2362,SG,2023-04-04,
2363,SGA,2023-04-04,
2364,SGC,2023-04-04,
2365,SGEN,2023-04-04,
2366,SGH,2023-04-04,
2367,SGHL,2023-04-04,
2368,SGHT,2023-04-04,
2369,SGRY,2023-04-04,
2370,SGU,2023-04-04,
2371,SHAK,2023-04-04,
2372,SHBI,2023-04-04,
2373,SHC,2023-04-04,
2374,SHCO,2023-04-04,
2375,SHEN,2023-04-04,
2376,SHLS,2023-04-04,
2377,SHO,2023-04-04,
2378,SHOO,2023-04-04,
2379,SHW,2023-04-04,
2380,SHYF,2023-04-04,
2381,SIBN,2023-04-04,
2382,SIG,2023-04-04,
2383,SIGA,2023-04-04,
2384,SIGI,2023-04-04,
2385,SILK,2023-04-04,
2386,SIRE,2023-04-04,
2387,SITC,2023-04-04,
2388,SITE,2023-04-04,
2389,SITM,2023-04-04,
2390,SJM,2023-04-04,
2391,SJW,2023-04-04,
2392,SKIN,2023-04-04,
2393,SKT,2023-04-04,
2394,SKX,2023-04-04,
2395,SKY,2023-04-04,
2396,SKYH,2023-04-04,
2397,SKYT,2023-04-04,
2398,SKYW,2023-04-04,
2399,SLAB,2023-04-04,
2400,SLB,2023-04-04,0.0
2401,SLCA,2023-04-04,
2402,SLG,2023-04-04,
2403,SLGN,2023-04-04,
2404,SLM,2023-04-04,
2405,SLND,2023-04-04,
2406,SLP,2023-04-04,
2407,SLRC,2023-04-04,
2408,SLVM,2023-04-04,
2409,SM,2023-04-04,
2410,SMAP,2023-04-04,
2411,SMAR,2023-04-04,
2412,SMBC,2023-04-04,
2413,SMBK,2023-04-04,
2414,SMCI,2023-04-04,
2415,SMG,2023-04-04,
2416,SMHI,2023-04-04,
2417,SMID,2023-04-04,
2418,SMLP,2023-04-04,
2419,SMLR,2023-04-04,
2420,SMMF,2023-04-04,0.0
2421,SMP,2023-04-04,
2422,SMPL,2023-04-04,
2423,SMR,2023-04-04,
2424,SMTC,2023-04-04,
2425,SMTI,2023-04-04,
2426,SNA,2023-04-04,
2427,SNAP,2023-04-04,0.0
2428,SNCY,2023-04-04,
2429,SNDR,2023-04-04,
2430,SNDX,2023-04-04,
2431,SNEX,2023-04-04,
2432,SNFCA,2023-04-04,0.0
2433,SNOW,2023-04-04,
2434,SNPO,2023-04-04,
2435,SNPS,2023-04-04,
2436,SNV,2023-04-04,
2437,SNX,2023-04-04,
2438,SO,2023-04-04,
2439,SOFI,2023-04-04,
2440,SOI,2023-04-04,
2441,SON,2023-04-04,
2442,SONO,2023-04-04,
2443,SOTK,2023-04-04,
2444,SOVO,2023-04-04,
2445,SP,2023-04-04,
2446,SPB,2023-04-04,
2447,SPFI,2023-04-04,
2448,SPG,2023-04-04,
2449,SPGI,2023-04-04,
2450,SPH,2023-04-04,
2451,SPLP,2023-04-04,0.0
2452,SPNT,2023-04-04,
2453,SPOK,2023-04-04,
2454,SPR,2023-04-04,
2455,SPRY,2023-04-04,
2456,SPSC,2023-04-04,
2457,SPT,2023-04-04,
2458,SPTN,2023-04-04,
2459,SPWH,2023-04-04,
2460,SPWR,2023-04-04,
2461,SPXC,2023-04-04,
2462,SQ,2023-04-04,
2463,SR,2023-04-04,0.0
2464,SRC,2023-04-04,
2465,SRCE,2023-04-04,
2466,SRCL,2023-04-04,
2467,SRDX,2023-04-04,
2468,SRE,2023-04-04,
2469,SRG,2023-04-04,0.0
2470,SRI,2023-04-04,
2471,SRPT,2023-04-04,
2472,SRRK,2023-04-04,
2473,SRTS,2023-04-04,
2474,SSB,2023-04-04,
2475,SSBK,2023-04-04,-1.0
2476,SSD,2023-04-04,
2477,SSNC,2023-04-04,
2478,SSP,2023-04-04,
2479,SSRM,2023-04-04,
2480,SSTI,2023-04-04,
2481,SSTK,2023-04-04,
2482,ST,2023-04-04,
2483,STAA,2023-04-04,
2484,STAG,2023-04-04,
2485,STBA,2023-04-04,
2486,STC,2023-04-04,
2487,STE,2023-04-04,
2488,STEL,2023-04-04,
2489,STEM,2023-04-04,
2490,STEP,2023-04-04,
2491,STER,2023-04-04,
2492,STGW,2023-04-04,
2493,STKL,2023-04-04,
2494,STKS,2023-04-04,
2495,STLD,2023-04-04,
2496,STOK,2023-04-04,0.0
2497,STR,2023-04-04,
2498,STRA,2023-04-04,
2499,STRL,2023-04-04,
2500,STRS,2023-04-04,
2501,STRT,2023-04-04,
2502,STT,2023-04-04,
2503,STWD,2023-04-04,
2504,STX,2023-04-04,
2505,STZ,2023-04-04,
2506,SUI,2023-04-04,
2507,SUM,2023-04-04,
2508,SUMO,2023-04-04,
2509,SUN,2023-04-04,
2510,SUPN,2023-04-04,
2511,SVC,2023-04-04,
2512,SVT,2023-04-04,
2513,SWAV,2023-04-04,
2514,SWBI,2023-04-04,
2515,SWI,2023-04-04,
2516,SWK,2023-04-04,
2517,SWKH,2023-04-04,
2518,SWKS,2023-04-04,
2519,SWN,2023-04-04,
2520,SWSS,2023-04-04,
2521,SWTX,2023-04-04,
2522,SWX,2023-04-04,
2523,SXC,2023-04-04,
2524,SXI,2023-04-04,
2525,SXT,2023-04-04,
2526,SYBT,2023-04-04,
2527,SYF,2023-04-04,
2528,SYK,2023-04-04,
2529,SYM,2023-04-04,
2530,SYNA,2023-04-04,
2531,SYNH,2023-04-04,
2532,SYY,2023-04-04,
2533,T,2023-04-04,
2534,TA,2023-04-04,
2535,TACT,2023-04-04,
2536,TALO,2023-04-04,
2537,TAP,2023-04-04,
2538,TARS,2023-04-04,
2539,TASK,2023-04-04,
2540,TAYD,2023-04-04,
2541,TBBK,2023-04-04,
2542,TBI,2023-04-04,
2543,TBNK,2023-04-04,
2544,TBPH,2023-04-04,
2545,TCBC,2023-04-04,
2546,TCBI,2023-04-04,0.0
2547,TCBK,2023-04-04,
2548,TCBS,2023-04-04,
2549,TCBX,2023-04-04,
2550,TCFC,2023-04-04,
2551,TCI,2023-04-04,0.0
2552,TCMD,2023-04-04,
2553,TCPC,2023-04-04,
2554,TCX,2023-04-04,0.0
2555,TDC,2023-04-04,
2556,TDOC,2023-04-04,0.0
2557,TDS,2023-04-04,
2558,TDW,2023-04-04,
2559,TDY,2023-04-04,
2560,TEAM,2023-04-04,0.0
2561,TECH,2023-04-04,
2562,TEL,2023-04-04,
2563,TELA,2023-04-04,
2564,TENB,2023-04-04,
2565,TER,2023-04-04,
2566,TERN,2023-04-04,
2567,TEVA,2023-04-04,
2568,TEX,2023-04-04,
2569,TFC,2023-04-04,
2570,TFIN,2023-04-04,
2571,TFSL,2023-04-04,
2572,TFX,2023-04-04,
2573,TG,2023-04-04,
2574,TGLS,2023-04-04,
2575,TGNA,2023-04-04,
2576,TGT,2023-04-04,
2577,TGTX,2023-04-04,
2578,TH,2023-04-04,
2579,THC,2023-04-04,
2580,THFF,2023-04-04,
2581,THG,2023-04-04,
2582,THO,2023-04-04,
2583,THR,2023-04-04,
2584,THRM,2023-04-04,
2585,THRX,2023-04-04,
2586,THRY,2023-04-04,
2587,THS,2023-04-04,
2588,TIG,2023-04-04,
2589,TILE,2023-04-04,
2590,TIPT,2023-04-04,
2591,TISI,2023-04-04,
2592,TITN,2023-04-04,
2593,TJX,2023-04-04,
2594,TKR,2023-04-04,
2595,TLYS,2023-04-04,
2596,TMCI,2023-04-04,
2597,TMDX,2023-04-04,
2598,TMHC,2023-04-04,
2599,TMO,2023-04-04,
2600,TMP,2023-04-04,
2601,TMST,2023-04-04,
2602,TMUS,2023-04-04,
2603,TNC,2023-04-04,
2604,TNDM,2023-04-04,
2605,TNET,2023-04-04,
2606,TOL,2023-04-04,
2607,TOST,2023-04-04,
2608,TPB,2023-04-04,
2609,TPC,2023-04-04,
2610,TPH,2023-04-04,0.0
2611,TPIC,2023-04-04,0.0
2612,TPL,2023-04-04,
2613,TPR,2023-04-04,
2614,TPVG,2023-04-04,
2615,TR,2023-04-04,
2616,TRC,2023-04-04,
2617,TRDA,2023-04-04,
2618,TREE,2023-04-04,0.0
2619,TREX,2023-04-04,
2620,TRGP,2023-04-04,
2621,TRIN,2023-04-04,
2622,TRIP,2023-04-04,
2623,TRMB,2023-04-04,
2624,TRMK,2023-04-04,
2625,TRN,2023-04-04,
2626,TRNO,2023-04-04,
2627,TRNS,2023-04-04,
2628,TROW,2023-04-04,
2629,TROX,2023-04-04,
2630,TRS,2023-04-04,
2631,TRST,2023-04-04,
2632,TRTN,2023-04-04,
2633,TRTX,2023-04-04,
2634,TRU,2023-04-04,
2635,TRUP,2023-04-04,
2636,TRV,2023-04-04,
2637,TSBK,2023-04-04,
2638,TSCO,2023-04-04,
2639,TSE,2023-04-04,0.0
2640,TSLA,2023-04-04,
2641,TSLX,2023-04-04,
2642,TSN,2023-04-04,
2643,TSQ,2023-04-04,
2644,TSRI,2023-04-04,
2645,TSVT,2023-04-04,
2646,TT,2023-04-04,
2647,TTC,2023-04-04,
2648,TTD,2023-04-04,
2649,TTEC,2023-04-04,
2650,TTEK,2023-04-04,
2651,TTGT,2023-04-04,
2652,TTMI,2023-04-04,
2653,TTWO,2023-04-04,
2654,TVTX,2023-04-04,
2655,TW,2023-04-04,
2656,TWI,2023-04-04,
2657,TWIN,2023-04-04,
2658,TWKS,2023-04-04,
2659,TWLO,2023-04-04,
2660,TWNK,2023-04-04,
2661,TWO,2023-04-04,
2662,TWOU,2023-04-04,
2663,TWST,2023-04-04,
2664,TXG,2023-04-04,
2665,TXN,2023-04-04,
2666,TXRH,2023-04-04,
2667,TXT,2023-04-04,
2668,TYL,2023-04-04,
2669,TYRA,2023-04-04,
2670,U,2023-04-04,0.0
2671,UAA,2023-04-04,
2672,UAL,2023-04-04,
2673,UAN,2023-04-04,
2674,UBA,2023-04-04,
2675,UBCP,2023-04-04,
2676,UBER,2023-04-04,
2677,UBFO,2023-04-04,0.0
2678,UBSI,2023-04-04,
2679,UCBI,2023-04-04,
2680,UCTT,2023-04-04,
2681,UDMY,2023-04-04,
2682,UDR,2023-04-04,
2683,UE,2023-04-04,
2684,UEIC,2023-04-04,0.0
2685,UFCS,2023-04-04,
2686,UFI,2023-04-04,
2687,UFPI,2023-04-04,
2688,UFPT,2023-04-04,
2689,UG,2023-04-04,
2690,UGI,2023-04-04,
2691,UHAL,2023-04-04,
2692,UHS,2023-04-04,
2693,UHT,2023-04-04,
2694,ULCC,2023-04-04,
2695,ULH,2023-04-04,
2696,ULTA,2023-04-04,
2697,UMBF,2023-04-04,
2698,UMH,2023-04-04,
2699,UNB,2023-04-04,
2700,UNF,2023-04-04,
2701,UNFI,2023-04-04,
2702,UNH,2023-04-04,
2703,UNM,2023-04-04,
2704,UNP,2023-04-04,
2705,UNTY,2023-04-04,
2706,UNVR,2023-04-04,
2707,UONE,2023-04-04,
2708,UPBD,2023-04-04,
2709,UPS,2023-04-04,
2710,UPST,2023-04-04,
2711,UPWK,2023-04-04,
2712,URBN,2023-04-04,
2713,URI,2023-04-04,
2714,USAP,2023-04-04,
2715,USAU,2023-04-04,
2716,USB,2023-04-04,
2717,USCB,2023-04-04,
2718,USFD,2023-04-04,
2719,USLM,2023-04-04,
2720,USM,2023-04-04,
2721,USNA,2023-04-04,
2722,USPH,2023-04-04,
2723,USX,2023-04-04,0.0
2724,UTHR,2023-04-04,
2725,UTI,2023-04-04,
2726,UTL,2023-04-04,
2727,UTMD,2023-04-04,
2728,UTZ,2023-04-04,
2729,UUUU,2023-04-04,
2730,UVE,2023-04-04,
2731,UVSP,2023-04-04,
2732,UVV,2023-04-04,
2733,UWMC,2023-04-04,
2734,V,2023-04-04,
2735,VABK,2023-04-04,0.0
2736,VAC,2023-04-04,
2737,VAL,2023-04-04,
2738,VALU,2023-04-04,
2739,VBFC,2023-04-04,
2740,VBTX,2023-04-04,
2741,VC,2023-04-04,
2742,VCEL,2023-04-04,
2743,VCTR,2023-04-04,
2744,VCYT,2023-04-04,
2745,VECO,2023-04-04,
2746,VEEV,2023-04-04,
2747,VEL,2023-04-04,
2748,VERA,2023-04-04,0.0
2749,VERI,2023-04-04,
2750,VERV,2023-04-04,
2751,VERX,2023-04-04,
2752,VERY,2023-04-04,
2753,VFC,2023-04-04,
2754,VHI,2023-04-04,
2755,VIA,2023-04-04,
2756,VIAV,2023-04-04,
2757,VICI,2023-04-04,
2758,VICR,2023-04-04,
2759,VIGL,2023-04-04,
2760,VIR,2023-04-04,
2761,VIRT,2023-04-04,
2762,VITL,2023-04-04,
2763,VKTX,2023-04-04,
2764,VLGEA,2023-04-04,
2765,VLO,2023-04-04,0.0
2766,VLY,2023-04-04,
2767,VMC,2023-04-04,
2768,VMD,2023-04-04,
2769,VMI,2023-04-04,
2770,VMW,2023-04-04,
2771,VNCE,2023-04-04,
2772,VNDA,2023-04-04,
2773,VNO,2023-04-04,0.0
2774,VNOM,2023-04-04,
2775,VNT,2023-04-04,
2776,VOR,2023-04-04,
2777,VOXX,2023-04-04,
2778,VOYA,2023-04-04,
2779,VPG,2023-04-04,
2780,VRA,2023-04-04,
2781,VRCA,2023-04-04,
2782,VRDN,2023-04-04,
2783,VRE,2023-04-04,
2784,VREX,2023-04-04,
2785,VRNA,2023-04-04,0.0
2786,VRNS,2023-04-04,
2787,VRNT,2023-04-04,
2788,VRRM,2023-04-04,
2789,VRSK,2023-04-04,
2790,VRT,2023-04-04,
2791,VRTS,2023-04-04,
2792,VRTV,2023-04-04,
2793,VRTX,2023-04-04,
2794,VSAT,2023-04-04,
2795,VSCO,2023-04-04,
2796,VSEC,2023-04-04,
2797,VSH,2023-04-04,
2798,VST,2023-04-04,
2799,VSTO,2023-04-04,
2800,VTLE,2023-04-04,
2801,VTNR,2023-04-04,
2802,VTOL,2023-04-04,
2803,VTR,2023-04-04,
2804,VTRS,2023-04-04,0.0
2805,VTSI,2023-04-04,
2806,VTYX,2023-04-04,
2807,VVI,2023-04-04,0.0
2808,VVV,2023-04-04,
2809,VVX,2023-04-04,
2810,VYGR,2023-04-04,
2811,VZ,2023-04-04,
2812,VZIO,2023-04-04,
2813,WAB,2023-04-04,
2814,WABC,2023-04-04,
2815,WAFD,2023-04-04,
2816,WAL,2023-04-04,
2817,WASH,2023-04-04,
2818,WAT,2023-04-04,
2819,WAVS,2023-04-04,
2820,WBA,2023-04-04,
2821,WBD,2023-04-04,
2822,WBS,2023-04-04,
2823,WCC,2023-04-04,
2824,WCN,2023-04-04,
2825,WD,2023-04-04,
2826,WDAY,2023-04-04,
2827,WDC,2023-04-04,
2828,WDFC,2023-04-04,
2829,WEAV,2023-04-04,
2830,WEC,2023-04-04,
2831,WELL,2023-04-04,
2832,WEN,2023-04-04,
2833,WERN,2023-04-04,
2834,WES,2023-04-04,
2835,WEST,2023-04-04,
2836,WEX,2023-04-04,
2837,WEYS,2023-04-04,0.0
2838,WFC,2023-04-04,
2839,WFCF,2023-04-04,
2840,WFRD,2023-04-04,
2841,WGO,2023-04-04,
2842,WH,2023-04-04,
2843,WHD,2023-04-04,
2844,WHF,2023-04-04,
2845,WHG,2023-04-04,
2846,WHR,2023-04-04,0.0
2847,WINT,2023-04-04,
2848,WIRE,2023-04-04,
2849,WK,2023-04-04,0.0
2850,WLDN,2023-04-04,
2851,WLFC,2023-04-04,
2852,WLK,2023-04-04,
2853,WLKP,2023-04-04,
2854,WLY,2023-04-04,
2855,WM,2023-04-04,
2856,WMB,2023-04-04,
2857,WMC,2023-04-04,
2858,WMG,2023-04-04,
2859,WMK,2023-04-04,
2860,WMPN,2023-04-04,
2861,WMS,2023-04-04,
2862,WMT,2023-04-04,
2863,WNC,2023-04-04,
2864,WNEB,2023-04-04,0.0
2865,WOLF,2023-04-04,
2866,WOOF,2023-04-04,
2867,WOR,2023-04-04,
2868,WOW,2023-04-04,
2869,WPC,2023-04-04,
2870,WRB,2023-04-04,
2871,WRBY,2023-04-04,0.0
2872,WRK,2023-04-04,
2873,WRLD,2023-04-04,
2874,WSBC,2023-04-04,
2875,WSBF,2023-04-04,
2876,WSC,2023-04-04,
2877,WSFS,2023-04-04,
2878,WSM,2023-04-04,
2879,WSO,2023-04-04,
2880,WSR,2023-04-04,
2881,WST,2023-04-04,
2882,WT,2023-04-04,
2883,WTBA,2023-04-04,
2884,WTFC,2023-04-04,
2885,WTM,2023-04-04,
2886,WTRG,2023-04-04,
2887,WTS,2023-04-04,
2888,WTTR,2023-04-04,
2889,WTW,2023-04-04,
2890,WU,2023-04-04,
2891,WVVI,2023-04-04,
2892,WWD,2023-04-04,
2893,WWE,2023-04-04,
2894,WWW,2023-04-04,
2895,WY,2023-04-04,
2896,X,2023-04-04,
2897,XAIR,2023-04-04,
2898,XEL,2023-04-04,
2899,XENE,2023-04-04,
2900,XHR,2023-04-04,
2901,XM,2023-04-04,
2902,XMTR,2023-04-04,
2903,XNCR,2023-04-04,
2904,XOM,2023-04-04,0.0
2905,XOMA,2023-04-04,
2906,XPEL,2023-04-04,
2907,XPO,2023-04-04,
2908,XPRO,2023-04-04,
2909,XRAY,2023-04-04,
2910,XRX,2023-04-04,0.0
2911,XYL,2023-04-04,
2912,YELP,2023-04-04,
2913,YETI,2023-04-04,
2914,YEXT,2023-04-04,
2915,YMAB,2023-04-04,
2916,YORW,2023-04-04,
2917,YOU,2023-04-04,
2918,YUMC,2023-04-04,
2919,ZBH,2023-04-04,
2920,ZBRA,2023-04-04,
2921,ZD,2023-04-04,
2922,ZETA,2023-04-04,0.0
2923,ZEUS,2023-04-04,
2924,ZG,2023-04-04,
2925,ZI,2023-04-04,
2926,ZIMV,2023-04-04,
2927,ZION,2023-04-04,
2928,ZIP,2023-04-04,
2929,ZLAB,2023-04-04,
2930,ZM,2023-04-04,
2931,ZNTL,2023-04-04,0.0
2932,ZS,2023-04-04,0.0
2933,ZTS,2023-04-04,
2934,ZUMZ,2023-04-04,
2935,ZUO,2023-04-04,0.0
2936,ZVRA,2023-04-04,
2937,ZWS,2023-04-04,
2938,ZYME,2023-04-04,0.0
2939,ZYXI,2023-04-04,
